WkDay,Day,Away,Home,RA,RH,Inn
2,77,LAD,CHC,4,1,9
3,78,LAD,CHC,6,3,9
4,86,ATH,SEA,2,4,9
4,86,NYM,HOU,1,3,9
4,86,LAA,CHW,1,8,9
4,86,BOS,TEX,5,2,9
4,86,CLE,KCR,7,4,10
4,86,DET,LAD,4,5,9
4,86,MIN,STL,3,5,9
4,86,BAL,TOR,12,2,9
4,86,MIL,NYY,2,4,9
4,86,CHC,ARI,10,6,9
4,86,ATL,SDP,4,7,9
4,86,SFG,CIN,6,4,9
4,86,PIT,MIA,4,5,9
4,86,PHI,WSN,7,3,10
5,87,ATH,SEA,7,0,9
5,87,NYM,HOU,3,1,9
5,87,BOS,TEX,1,4,9
5,87,DET,LAD,5,8,10
5,87,BAL,TOR,2,8,9
5,87,COL,TBR,2,3,9
5,87,CHC,ARI,1,8,9
5,87,ATL,SDP,3,4,9
5,87,PIT,MIA,4,3,9
6,88,ATH,SEA,4,2,9
6,88,NYM,HOU,1,2,9
6,88,LAA,CHW,1,0,9
6,88,BOS,TEX,3,4,9
6,88,CLE,KCR,3,4,9
6,88,DET,LAD,3,7,9
6,88,MIN,STL,1,5,9
6,88,BAL,TOR,9,5,9
6,88,MIL,NYY,9,20,9
6,88,COL,TBR,2,1,9
6,88,CHC,ARI,4,3,9
6,88,ATL,SDP,0,1,9
6,88,SFG,CIN,2,3,9
6,88,PIT,MIA,4,5,12
6,88,PHI,WSN,11,6,9
0,89,ATH,SEA,1,2,9
0,89,LAA,CHW,3,2,9
0,89,BOS,TEX,2,3,9
0,89,CLE,KCR,6,2,9
0,89,MIN,STL,2,9,9
0,89,BAL,TOR,1,3,9
0,89,MIL,NYY,3,12,9
0,89,COL,TBR,4,6,9
0,89,CHC,ARI,6,10,9
0,89,ATL,SDP,0,5,9
0,89,SFG,CIN,6,3,9
0,89,PIT,MIA,2,3,9
0,89,PHI,WSN,1,5,9
1,90,DET,SEA,9,6,9
1,90,SFG,HOU,7,2,9
1,90,CHC,ATH,18,3,9
1,90,LAA,STL,5,4,10
1,90,TEX,CIN,3,14,9
1,90,MIN,CHW,0,9,9
1,90,CLE,SDP,2,7,9
1,90,KCR,MIL,11,1,9
1,90,BOS,BAL,5,8,9
1,90,PIT,TBR,1,6,9
1,90,WSN,TOR,2,5,9
1,90,COL,PHI,1,6,9
1,90,ATL,LAD,1,6,9
1,90,NYM,MIA,10,4,9
2,91,DET,SEA,4,1,9
2,91,SFG,HOU,3,1,9
2,91,CHC,ATH,7,4,9
2,91,LAA,STL,9,7,11
2,91,TEX,CIN,1,0,9
2,91,MIN,CHW,8,3,9
2,91,CLE,SDP,0,7,9
2,91,KCR,MIL,0,5,9
2,91,ARI,NYY,7,5,9
2,91,PIT,TBR,0,7,9
2,91,WSN,TOR,3,5,9
2,91,ATL,LAD,1,3,9
2,91,NYM,MIA,2,4,9
3,92,DET,SEA,2,3,9
3,92,SFG,HOU,6,3,9
3,92,CHC,ATH,10,2,9
3,92,LAA,STL,5,12,9
3,92,TEX,CIN,1,0,9
3,92,MIN,CHW,6,1,9
3,92,CLE,SDP,2,5,9
3,92,KCR,MIL,2,3,11
3,92,BOS,BAL,3,0,9
3,92,ARI,NYY,4,3,9
3,92,PIT,TBR,4,2,9
3,92,WSN,TOR,2,4,9
3,92,COL,PHI,1,5,9
3,92,ATL,LAD,5,6,9
3,92,NYM,MIA,6,5,11
4,93,HOU,MIN,5,2,9
4,93,BOS,BAL,8,4,9
4,93,ARI,NYY,7,9,9
4,93,COL,PHI,1,3,9
4,93,CIN,MIL,0,1,9
5,94,SEA,SFG,9,10,11
5,94,ATH,COL,6,3,11
5,94,CLE,LAA,8,6,9
5,94,TBR,TEX,2,5,9
5,94,CHW,DET,4,7,9
5,94,BAL,KCR,2,8,9
5,94,STL,BOS,9,13,9
5,94,NYY,PIT,9,4,9
5,94,TOR,NYM,0,5,9
5,94,ARI,WSN,6,4,9
5,94,LAD,PHI,2,3,9
5,94,SDP,CHC,1,3,9
5,94,CIN,MIL,2,3,9
5,94,MIA,ATL,0,10,9
6,95,SEA,SFG,1,4,9
6,95,HOU,MIN,1,6,9
6,95,ATH,COL,7,4,9
6,95,CLE,LAA,4,10,9
6,95,TBR,TEX,4,6,9
6,95,CHW,DET,2,7,9
6,95,BAL,KCR,8,1,9
6,95,NYY,PIT,10,4,9
6,95,TOR,NYM,2,3,9
6,95,ARI,WSN,3,4,9
6,95,LAD,PHI,3,1,9
6,95,SDP,CHC,1,7,9
6,95,CIN,MIL,11,7,9
6,95,MIA,ATL,4,0,9
0,96,SEA,SFG,4,5,9
0,96,HOU,MIN,9,7,10
0,96,ATH,COL,5,12,9
0,96,CLE,LAA,2,6,9
0,96,TBR,TEX,3,4,9
0,96,CHW,DET,3,4,9
0,96,BAL,KCR,1,4,9
0,96,STL,BOS,4,5,10
0,96,STL,BOS,7,18,9
0,96,NYY,PIT,4,5,11
0,96,TOR,NYM,1,2,9
0,96,ARI,WSN,4,5,9
0,96,LAD,PHI,7,8,9
0,96,SDP,CHC,8,7,9
0,96,CIN,MIL,2,8,9
1,97,HOU,SEA,3,4,9
1,97,SDP,ATH,5,4,9
1,97,TEX,CHC,0,7,9
1,97,NYY,DET,2,6,9
1,97,MIN,KCR,2,4,9
1,97,BAL,ARI,5,1,9
1,97,TOR,BOS,6,2,9
1,97,LAD,WSN,4,6,9
1,97,CIN,SFG,2,0,9
1,97,STL,PIT,4,8,9
1,97,MIA,NYM,0,2,9
2,98,HOU,SEA,2,1,12
2,98,SDP,ATH,4,10,9
2,98,LAA,TBR,4,3,9
2,98,TEX,CHC,6,10,9
2,98,CHW,CLE,0,1,9
2,98,NYY,DET,0,5,9
2,98,MIN,KCR,1,2,9
2,98,BAL,ARI,3,4,9
2,98,TOR,BOS,6,1,9
2,98,MIL,COL,7,1,9
2,98,LAD,WSN,2,8,9
2,98,CIN,SFG,1,0,9
2,98,STL,PIT,5,3,9
2,98,PHI,ATL,5,7,9
2,98,MIA,NYM,5,10,9
3,99,HOU,SEA,6,7,9
3,99,SDP,ATH,2,1,9
3,99,LAA,TBR,4,5,9
3,99,TEX,CHC,6,2,9
3,99,CHW,CLE,2,3,9
3,99,NYY,DET,4,3,9
3,99,MIN,KCR,4,0,9
3,99,BAL,ARI,0,9,9
3,99,TOR,BOS,2,1,11
3,99,MIL,COL,17,2,9
3,99,LAD,WSN,6,5,9
3,99,CIN,SFG,6,8,10
3,99,STL,PIT,1,2,13
3,99,PHI,ATL,4,3,9
3,99,MIA,NYM,5,0,9
4,100,LAA,TBR,11,1,9
4,100,CHW,CLE,1,6,9
4,100,MIN,KCR,2,3,9
4,100,TOR,BOS,3,4,10
4,100,MIL,COL,2,7,9
4,100,PHI,ATL,2,4,11
5,101,TEX,SEA,3,5,9
5,101,LAA,HOU,3,14,9
5,101,NYM,ATH,7,6,9
5,101,BOS,CHW,1,11,9
5,101,KCR,CLE,0,7,9
5,101,DET,MIN,7,6,9
5,101,SFG,NYY,9,1,6
5,101,ATL,TBR,3,6,9
5,101,MIL,ARI,7,0,9
5,101,COL,SDP,0,8,9
5,101,CHC,LAD,0,3,9
5,101,PIT,CIN,3,5,9
5,101,PHI,STL,0,2,9
5,101,WSN,MIA,7,4,9
6,102,TEX,SEA,2,9,9
6,102,LAA,HOU,4,1,9
6,102,NYM,ATH,1,3,9
6,102,BOS,CHW,2,3,9
6,102,KCR,CLE,3,6,9
6,102,DET,MIN,4,0,9
6,102,TOR,BAL,4,5,9
6,102,SFG,NYY,4,8,9
6,102,ATL,TBR,5,4,9
6,102,MIL,ARI,4,5,9
6,102,COL,SDP,0,2,9
6,102,CHC,LAD,16,0,9
6,102,PIT,CIN,2,5,9
6,102,PHI,STL,4,1,9
6,102,WSN,MIA,6,7,9
0,103,TEX,SEA,1,3,9
0,103,LAA,HOU,3,7,9
0,103,NYM,ATH,8,0,9
0,103,BOS,CHW,3,1,9
0,103,KCR,CLE,4,2,9
0,103,DET,MIN,1,5,9
0,103,TOR,BAL,7,6,10
0,103,SFG,NYY,5,4,9
0,103,ATL,TBR,3,8,9
0,103,MIL,ARI,2,5,9
0,103,COL,SDP,0,6,9
0,103,CHC,LAD,4,2,9
0,103,PIT,CIN,0,4,9
0,103,PHI,STL,0,7,9
0,103,WSN,MIA,4,11,9
1,104,HOU,STL,3,8,9
1,104,DET,MIL,9,1,9
1,104,KCR,NYY,1,4,9
1,104,NYM,MIN,5,1,9
1,104,BOS,TBR,1,16,9
1,104,ATL,TOR,8,4,9
1,104,COL,LAD,3,5,9
1,104,CHC,SDP,4,10,9
1,104,SFG,PHI,10,4,9
1,104,WSN,PIT,3,10,9
2,105,SEA,CIN,4,8,9
2,105,HOU,STL,2,0,9
2,105,ATH,CHW,12,3,9
2,105,LAA,TEX,0,4,9
2,105,CLE,BAL,6,3,9
2,105,DET,MIL,0,5,9
2,105,KCR,NYY,2,4,9
2,105,NYM,MIN,3,6,9
2,105,BOS,TBR,7,4,9
2,105,ATL,TOR,3,6,9
2,105,ARI,MIA,10,4,9
2,105,COL,LAD,2,6,9
2,105,CHC,SDP,2,1,10
2,105,SFG,PHI,4,6,9
2,105,WSN,PIT,3,0,9
3,106,SEA,CIN,5,3,9
3,106,HOU,STL,1,4,9
3,106,ATH,CHW,3,1,9
3,106,LAA,TEX,1,3,9
3,106,CLE,BAL,1,9,9
3,106,DET,MIL,1,5,9
3,106,KCR,NYY,3,4,9
3,106,NYM,MIN,3,4,10
3,106,BOS,TBR,1,0,9
3,106,ATL,TOR,1,3,9
3,106,ARI,MIA,6,2,9
3,106,COL,LAD,7,8,9
3,106,CHC,SDP,2,4,9
3,106,SFG,PHI,11,4,9
3,106,WSN,PIT,1,6,9
4,107,SEA,CIN,11,7,10
4,107,ATH,CHW,8,0,9
4,107,LAA,TEX,3,5,9
4,107,CLE,BAL,2,6,9
4,107,KCR,DET,1,6,9
4,107,NYY,TBR,6,3,9
4,107,ARI,MIA,6,4,9
4,107,SFG,PHI,4,6,9
4,107,WSN,PIT,0,1,9
4,107,STL,NYM,1,4,9
5,108,SEA,TOR,1,3,9
5,108,SDP,HOU,4,6,9
5,108,ATH,MIL,3,5,9
5,108,SFG,LAA,0,2,9
5,108,LAD,TEX,3,0,9
5,108,CHW,BOS,3,10,9
5,108,CLE,PIT,10,7,9
5,108,KCR,DET,3,7,9
5,108,MIN,ATL,4,6,9
5,108,CIN,BAL,8,3,9
5,108,NYY,TBR,1,0,9
5,108,ARI,CHC,11,13,9
5,108,STL,NYM,4,5,9
5,108,MIA,PHI,2,7,9
6,109,SEA,TOR,8,4,12
6,109,SDP,HOU,2,3,9
6,109,ATH,MIL,3,1,9
6,109,SFG,LAA,3,2,9
6,109,LAD,TEX,3,4,9
6,109,CHW,BOS,3,4,10
6,109,CLE,PIT,3,0,9
6,109,KCR,DET,1,3,9
6,109,MIN,ATL,3,4,9
6,109,CIN,BAL,5,9,9
6,109,NYY,TBR,8,10,10
6,109,ARI,CHC,2,6,9
6,109,WSN,COL,12,11,9
6,109,STL,NYM,0,3,9
6,109,MIA,PHI,10,11,9
0,110,SEA,TOR,8,3,9
0,110,SDP,HOU,3,2,9
0,110,ATH,MIL,1,14,9
0,110,SFG,LAA,4,5,9
0,110,LAD,TEX,1,0,9
0,110,CHW,BOS,8,4,9
0,110,CLE,PIT,5,4,10
0,110,KCR,DET,4,3,10
0,110,MIN,ATL,2,6,9
0,110,CIN,BAL,24,2,9
0,110,NYY,TBR,4,0,9
0,110,ARI,CHC,3,2,11
0,110,WSN,COL,3,2,9
0,110,WSN,COL,1,3,9
0,110,STL,NYM,4,7,9
0,110,MIA,PHI,7,5,10
1,111,TOR,HOU,0,7,9
1,111,CHW,BOS,2,4,9
1,111,NYY,CLE,4,6,9
1,111,SDP,DET,4,6,9
1,111,MIL,SFG,2,5,9
1,111,CIN,MIA,3,6,9
1,111,STL,ATL,6,7,9
1,111,PHI,NYM,4,5,9
2,112,SEA,BOS,3,8,9
2,112,TOR,HOU,1,5,9
2,112,TEX,ATH,8,5,9
2,112,PIT,LAA,9,3,9
2,112,CHW,MIN,2,4,9
2,112,NYY,CLE,2,3,9
2,112,SDP,DET,2,0,9
2,112,COL,KCR,3,4,11
2,112,BAL,WSN,0,7,9
2,112,TBR,ARI,1,5,9
2,112,LAD,CHC,10,11,10
2,112,MIL,SFG,11,3,9
2,112,CIN,MIA,3,4,9
2,112,STL,ATL,10,4,9
2,112,PHI,NYM,1,5,9
3,113,SEA,BOS,8,5,9
3,113,TOR,HOU,1,3,9
3,113,TEX,ATH,2,5,9
3,113,PIT,LAA,3,0,9
3,113,CHW,MIN,3,6,9
3,113,NYY,CLE,5,1,9
3,113,SDP,DET,0,6,9
3,113,BAL,WSN,3,4,9
3,113,TBR,ARI,7,6,11
3,113,LAD,CHC,6,7,9
3,113,MIL,SFG,2,4,9
3,113,CIN,MIA,5,2,9
3,113,STL,ATL,1,4,9
3,113,PHI,NYM,3,4,10
4,114,SEA,BOS,4,3,9
4,114,TEX,ATH,3,4,9
4,114,PIT,LAA,3,4,9
4,114,CHW,MIN,3,0,7
4,114,COL,KCR,4,7,9
4,114,COL,KCR,2,6,9
4,114,BAL,WSN,2,1,9
4,114,TBR,ARI,7,4,10
4,114,MIL,SFG,5,6,9
5,115,MIA,SEA,8,4,9
5,115,HOU,KCR,0,2,9
5,115,CHW,ATH,5,6,9
5,115,LAA,MIN,4,11,9
5,115,TEX,SFG,2,0,9
5,115,TOR,NYY,4,2,9
5,115,TBR,SDP,1,0,9
5,115,ATL,ARI,8,2,9
5,115,CIN,COL,8,7,9
5,115,PIT,LAD,3,0,9
5,115,PHI,CHC,0,4,9
5,115,MIL,STL,2,3,9
5,115,NYM,WSN,4,5,9
6,116,MIA,SEA,0,14,9
6,116,HOU,KCR,0,2,9
6,116,CHW,ATH,10,3,9
6,116,LAA,MIN,1,5,9
6,116,TEX,SFG,2,3,9
6,116,BOS,CLE,4,5,9
6,116,BOS,CLE,7,3,9
6,116,BAL,DET,3,4,9
6,116,BAL,DET,2,6,9
6,116,TBR,SDP,4,1,9
6,116,ATL,ARI,8,7,10
6,116,CIN,COL,6,4,9
6,116,PIT,LAD,4,8,9
6,116,PHI,CHC,10,4,9
6,116,MIL,STL,5,6,9
6,116,NYM,WSN,2,0,9
0,117,MIA,SEA,6,7,9
0,117,HOU,KCR,7,3,9
0,117,CHW,ATH,2,3,10
0,117,LAA,MIN,0,5,9
0,117,TEX,SFG,2,3,9
0,117,BOS,CLE,13,3,9
0,117,BAL,DET,0,7,9
0,117,TOR,NYY,2,11,9
0,117,TOR,NYY,1,5,9
0,117,TBR,SDP,4,2,9
0,117,ATL,ARI,4,6,9
0,117,CIN,COL,8,1,9
0,117,PIT,LAD,2,9,9
0,117,PHI,CHC,3,1,10
0,117,MIL,STL,7,1,9
0,117,NYM,WSN,7,8,9
1,118,DET,HOU,5,8,9
1,118,ATH,TEX,2,1,9
1,118,MIN,CLE,11,1,9
1,118,NYY,BAL,3,4,9
1,118,ATL,COL,6,3,9
1,118,MIA,LAD,6,7,10
1,118,STL,CIN,1,3,9
1,118,NYM,WSN,19,5,9
2,119,LAA,SEA,3,5,9
2,119,DET,HOU,4,6,9
2,119,ATH,TEX,2,15,9
2,119,MIL,CHW,7,2,9
2,119,MIN,CLE,1,2,9
2,119,KCR,TBR,3,1,9
2,119,NYY,BAL,15,3,9
2,119,BOS,TOR,10,2,9
2,119,ARI,NYM,3,8,9
2,119,ATL,COL,8,2,9
2,119,MIA,LAD,2,15,9
2,119,SFG,SDP,4,7,9
2,119,CHC,PIT,9,0,9
2,119,WSN,PHI,6,7,9
3,120,LAA,SEA,3,9,9
3,120,DET,HOU,7,4,9
3,120,ATH,TEX,7,1,9
3,120,MIL,CHW,6,4,9
3,120,MIN,CLE,2,4,9
3,120,KCR,TBR,3,0,9
3,120,NYY,BAL,4,5,9
3,120,BOS,TOR,6,7,10
3,120,ARI,NYM,4,3,9
3,120,ATL,COL,1,2,9
3,120,MIA,LAD,7,12,9
3,120,SFG,SDP,3,5,9
3,120,CHC,PIT,3,4,9
3,120,STL,CIN,6,0,9
3,120,STL,CIN,9,1,9
3,120,WSN,PHI,2,7,9
4,121,ATH,TEX,3,0,9
4,121,DET,LAA,10,4,9
4,121,MIL,CHW,0,8,9
4,121,MIN,CLE,3,4,10
4,121,KCR,TBR,8,2,9
4,121,BOS,TOR,2,4,9
4,121,ARI,NYM,4,2,9
4,121,COL,SFG,4,3,9
4,121,CHC,PIT,8,3,9
4,121,STL,CIN,1,9,9
4,121,WSN,PHI,4,2,9
5,122,SEA,TEX,13,1,9
5,122,HOU,CHW,3,7,9
5,122,ATH,MIA,6,1,9
5,122,DET,LAA,9,1,9
5,122,CLE,TOR,3,5,9
5,122,KCR,BAL,0,3,9
5,122,MIN,BOS,1,6,9
5,122,TBR,NYY,0,3,9
5,122,ARI,PHI,2,3,9
5,122,COL,SFG,0,4,9
5,122,LAD,ATL,2,1,9
5,122,SDP,PIT,9,4,9
5,122,CHC,MIL,10,0,9
5,122,WSN,CIN,1,6,9
5,122,NYM,STL,9,3,9
6,123,SEA,TEX,2,1,9
6,123,HOU,CHW,8,3,9
6,123,ATH,MIA,6,9,9
6,123,DET,LAA,2,5,9
6,123,CLE,TOR,5,3,9
6,123,KCR,BAL,4,0,9
6,123,MIN,BOS,4,3,9
6,123,TBR,NYY,3,2,9
6,123,ARI,PHI,2,7,9
6,123,COL,SFG,3,6,9
6,123,LAD,ATL,10,3,9
6,123,SDP,PIT,2,1,9
6,123,CHC,MIL,6,2,9
6,123,WSN,CIN,11,6,9
0,124,SEA,TEX,1,8,9
0,124,HOU,CHW,4,5,7
0,124,ATH,MIA,3,2,9
0,124,DET,LAA,13,1,9
0,124,CLE,TOR,5,4,9
0,124,KCR,BAL,11,6,9
0,124,MIN,BOS,5,4,9
0,124,TBR,NYY,7,5,9
0,124,ARI,PHI,11,9,10
0,124,COL,SFG,3,9,9
0,124,LAD,ATL,3,4,9
0,124,SDP,PIT,4,0,9
0,124,CHC,MIL,0,4,9
0,124,WSN,CIN,4,1,9
0,124,NYM,STL,5,6,9
0,124,NYM,STL,4,5,9
1,125,SEA,ATH,6,7,11
1,125,HOU,MIL,1,5,9
1,125,CHW,KCR,0,3,9
1,125,SDP,NYY,4,3,9
1,125,NYM,ARI,5,4,9
1,125,LAD,MIA,7,4,9
1,125,SFG,CHC,2,9,9
1,125,CIN,ATL,0,4,9
1,125,PIT,STL,3,6,9
2,126,SEA,ATH,5,3,9
2,126,HOU,MIL,3,4,9
2,126,TOR,LAA,3,8,9
2,126,TEX,BOS,6,1,9
2,126,CHW,KCR,3,4,9
2,126,CLE,WSN,9,10,9
2,126,CLE,WSN,9,1,9
2,126,BAL,MIN,1,9,9
2,126,SDP,NYY,3,12,9
2,126,PHI,TBR,8,4,9
2,126,NYM,ARI,1,5,9
2,126,LAD,MIA,4,5,10
2,126,SFG,CHC,14,5,11
2,126,CIN,ATL,1,2,10
2,126,PIT,STL,1,2,9
3,127,SEA,ATH,6,5,9
3,127,HOU,MIL,9,1,9
3,127,TOR,LAA,4,5,9
3,127,TEX,BOS,4,6,9
3,127,CHW,KCR,1,2,9
3,127,CLE,WSN,8,6,9
3,127,DET,COL,8,6,10
3,127,BAL,MIN,2,5,9
3,127,SDP,NYY,3,4,10
3,127,PHI,TBR,7,0,9
3,127,NYM,ARI,7,1,9
3,127,LAD,MIA,10,1,9
3,127,SFG,CHC,3,1,9
3,127,CIN,ATL,4,3,9
3,127,PIT,STL,0,5,9
4,128,TOR,LAA,8,5,9
4,128,TEX,BOS,0,5,9
4,128,CHW,KCR,0,10,9
4,128,DET,COL,10,2,9
4,128,DET,COL,11,1,9
4,128,BAL,MIN,2,5,9
4,128,PHI,TBR,7,6,10
4,128,LAD,ARI,3,5,9
4,128,CIN,ATL,4,5,11
5,129,TOR,SEA,6,3,9
5,129,CIN,HOU,0,3,9
5,129,NYY,ATH,10,2,9
5,129,BAL,LAA,4,1,9
5,129,TEX,DET,1,2,9
5,129,MIA,CHW,2,6,9
5,129,PHI,CLE,0,6,9
5,129,BOS,KCR,1,2,12
5,129,SFG,MIN,1,3,9
5,129,MIL,TBR,3,4,9
5,129,LAD,ARI,14,11,9
5,129,SDP,COL,13,9,9
5,129,CHC,NYM,2,7,9
5,129,ATL,PIT,2,3,9
5,129,STL,WSN,10,0,9
6,130,TOR,SEA,6,3,9
6,130,CIN,HOU,13,9,9
6,130,NYY,ATH,7,11,9
6,130,BAL,LAA,2,5,9
6,130,TEX,DET,10,3,9
6,130,MIA,CHW,3,1,9
6,130,PHI,CLE,7,1,9
6,130,BOS,KCR,10,1,9
6,130,SFG,MIN,1,2,9
6,130,MIL,TBR,2,3,9
6,130,LAD,ARI,0,3,9
6,130,SDP,COL,21,0,9
6,130,CHC,NYM,6,5,9
6,130,ATL,PIT,3,2,11
6,130,STL,WSN,4,2,9
0,131,TOR,SEA,9,1,9
0,131,CIN,HOU,0,6,9
0,131,NYY,ATH,12,2,9
0,131,BAL,LAA,7,3,9
0,131,TEX,DET,6,1,9
0,131,MIA,CHW,2,4,9
0,131,PHI,CLE,3,0,9
0,131,BOS,KCR,3,1,9
0,131,SFG,MIN,6,7,10
0,131,MIL,TBR,4,2,9
0,131,LAD,ARI,8,1,9
0,131,SDP,COL,3,9,9
0,131,CHC,NYM,2,6,9
0,131,ATL,PIT,3,4,9
0,131,STL,WSN,6,1,9
1,132,NYY,SEA,11,5,9
1,132,KCR,HOU,7,5,9
1,132,LAA,SDP,9,5,9
1,132,COL,TEX,1,2,9
1,132,MIL,CLE,0,5,9
1,132,BOS,DET,2,14,9
1,132,ARI,SFG,2,1,9
1,132,MIA,CHC,2,5,9
1,132,PIT,NYM,3,4,9
1,132,STL,PHI,3,2,9
1,132,WSN,ATL,3,4,9
2,133,NYY,SEA,1,2,11
2,133,KCR,HOU,1,2,9
2,133,ATH,LAD,11,1,9
2,133,LAA,SDP,4,6,9
2,133,COL,TEX,1,4,9
2,133,CHW,CIN,5,1,10
2,133,MIL,CLE,0,2,9
2,133,BOS,DET,9,10,11
2,133,TBR,TOR,11,9,9
2,133,ARI,SFG,6,10,9
2,133,MIA,CHC,4,5,9
2,133,PIT,NYM,1,2,9
2,133,WSN,ATL,2,5,9
3,134,NYY,SEA,3,2,9
3,134,KCR,HOU,3,4,9
3,134,ATH,LAD,3,9,9
3,134,LAA,SDP,1,5,9
3,134,COL,TEX,3,8,9
3,134,CHW,CIN,4,2,9
3,134,MIL,CLE,9,5,9
3,134,BOS,DET,5,6,9
3,134,MIN,BAL,6,3,9
3,134,MIN,BAL,8,6,9
3,134,TBR,TOR,1,3,9
3,134,ARI,SFG,8,7,9
3,134,MIA,CHC,3,1,9
3,134,PIT,NYM,4,0,9
3,134,STL,PHI,1,2,9
3,134,STL,PHI,14,7,9
3,134,WSN,ATL,5,4,9
4,135,HOU,TEX,0,1,9
4,135,ATH,LAD,2,19,9
4,135,CHW,CIN,1,7,9
4,135,MIN,BAL,4,0,9
4,135,TBR,TOR,8,3,9
4,135,WSN,ATL,2,5,9
5,136,SEA,SDP,5,1,9
5,136,HOU,TEX,6,3,9
5,136,ATH,SFG,1,9,9
5,136,LAA,LAD,6,2,9
5,136,CHW,CHC,3,13,9
5,136,CLE,CIN,4,5,9
5,136,DET,TOR,5,4,9
5,136,STL,KCR,10,3,9
5,136,MIN,MIL,3,0,9
5,136,WSN,BAL,4,3,9
5,136,ATL,BOS,4,2,9
5,136,NYM,NYY,2,6,9
5,136,TBR,MIA,4,9,9
5,136,COL,ARI,0,8,9
5,136,PIT,PHI,4,8,9
6,137,SEA,SDP,4,1,9
6,137,HOU,TEX,1,5,9
6,137,ATH,SFG,0,1,10
6,137,LAA,LAD,11,9,9
6,137,CHW,CHC,3,7,9
6,137,CLE,CIN,1,4,9
6,137,DET,TOR,1,2,9
6,137,STL,KCR,1,0,9
6,137,MIN,MIL,7,0,9
6,137,WSN,BAL,10,6,9
6,137,ATL,BOS,6,7,9
6,137,NYM,NYY,3,2,9
6,137,TBR,MIA,4,0,9
6,137,COL,ARI,14,12,9
6,137,PIT,PHI,2,5,9
0,138,SEA,SDP,6,1,9
0,138,HOU,TEX,4,3,9
0,138,ATH,SFG,2,3,9
0,138,LAA,LAD,6,4,9
0,138,CHW,CHC,2,6,9
0,138,CLE,CIN,1,3,9
0,138,DET,TOR,3,2,9
0,138,STL,KCR,1,2,9
0,138,MIN,MIL,2,5,9
0,138,WSN,BAL,10,4,9
0,138,ATL,BOS,10,4,9
0,138,NYM,NYY,2,8,9
0,138,TBR,MIA,1,5,9
0,138,COL,ARI,0,1,9
0,138,PIT,PHI,0,1,9
1,139,SEA,CHW,5,1,9
1,139,HOU,TBR,4,3,9
1,139,LAA,ATH,4,3,9
1,139,CLE,MIN,5,6,9
1,139,DET,STL,4,11,9
1,139,KCR,SFG,3,1,9
1,139,BAL,MIL,4,5,9
1,139,NYM,BOS,1,3,9
1,139,ARI,LAD,9,5,9
1,139,PHI,COL,9,3,9
1,139,CHC,MIA,7,8,9
1,139,CIN,PIT,7,1,9
2,140,SEA,CHW,0,1,9
2,140,HOU,TBR,2,3,9
2,140,LAA,ATH,7,5,9
2,140,TEX,NYY,2,5,9
2,140,DET,STL,5,4,9
2,140,KCR,SFG,2,3,9
2,140,BAL,MIL,2,5,9
2,140,NYM,BOS,0,2,9
2,140,SDP,TOR,0,3,9
2,140,ARI,LAD,3,4,10
2,140,PHI,COL,7,4,9
2,140,CHC,MIA,14,1,9
2,140,CIN,PIT,0,1,9
2,140,ATL,WSN,3,5,9
3,141,SEA,CHW,6,5,9
3,141,HOU,TBR,4,8,9
3,141,LAA,ATH,10,5,9
3,141,TEX,NYY,3,4,9
3,141,CLE,MIN,5,1,9
3,141,DET,STL,5,1,9
3,141,KCR,SFG,8,4,9
3,141,BAL,MIL,8,4,11
3,141,NYM,BOS,5,1,9
3,141,SDP,TOR,0,14,9
3,141,ARI,LAD,1,3,9
3,141,PHI,COL,9,5,9
3,141,CHC,MIA,2,1,9
3,141,CIN,PIT,1,3,9
4,142,SEA,HOU,2,9,9
4,142,LAA,ATH,10,5,9
4,142,TEX,NYY,0,1,9
4,142,CLE,DET,7,0,9
4,142,SDP,TOR,6,7,11
4,142,PHI,COL,2,0,9
4,142,MIL,PIT,8,5,9
4,142,ATL,WSN,7,8,10
5,143,SEA,HOU,5,3,9
5,143,PHI,ATH,4,3,9
5,143,MIA,LAA,4,7,9
5,143,TEX,CHW,1,4,9
5,143,CLE,DET,3,1,9
5,143,KCR,MIN,1,3,9
5,143,BAL,BOS,5,19,9
5,143,NYY,COL,2,3,9
5,143,TOR,TBR,1,3,9
5,143,ARI,STL,3,4,9
5,143,LAD,NYM,7,5,13
5,143,SDP,ATL,2,1,9
5,143,SFG,WSN,4,0,9
5,143,CHC,CIN,13,6,9
5,143,MIL,PIT,5,6,10
6,144,SEA,HOU,1,2,9
6,144,PHI,ATH,9,6,11
6,144,MIA,LAA,6,2,9
6,144,TEX,CHW,5,10,9
6,144,CLE,DET,7,5,10
6,144,KCR,MIN,4,5,9
6,144,BAL,BOS,5,6,10
6,144,BAL,BOS,2,1,9
6,144,NYY,COL,13,1,9
6,144,TOR,TBR,1,3,9
6,144,ARI,STL,5,6,9
6,144,LAD,NYM,2,5,9
6,144,SDP,ATL,1,7,9
6,144,SFG,WSN,0,3,9
6,144,CHC,CIN,4,6,9
6,144,MIL,PIT,1,2,9
0,145,SEA,HOU,3,5,9
0,145,PHI,ATH,4,5,9
0,145,MIA,LAA,3,0,9
0,145,TEX,CHW,5,4,9
0,145,CLE,DET,0,5,9
0,145,KCR,MIN,2,1,10
0,145,BAL,BOS,5,1,9
0,145,NYY,COL,5,4,9
0,145,TOR,TBR,0,13,9
0,145,ARI,STL,3,4,9
0,145,LAD,NYM,1,3,9
0,145,SDP,ATL,5,3,9
0,145,SFG,WSN,3,2,9
0,145,CHC,CIN,11,8,9
0,145,MIL,PIT,6,5,9
1,146,NYY,LAA,5,1,9
1,146,TOR,TEX,2,1,9
1,146,CHW,NYM,1,2,9
1,146,LAD,CLE,7,2,9
1,146,SFG,DET,1,3,9
1,146,CIN,KCR,7,4,9
1,146,MIN,TBR,2,7,9
1,146,STL,BAL,2,5,9
1,146,BOS,MIL,2,3,9
1,146,PIT,ARI,0,5,9
1,146,COL,CHC,1,3,9
1,146,MIA,SDP,3,4,11
2,147,WSN,SEA,1,9,9
2,147,ATH,HOU,1,11,9
2,147,NYY,LAA,3,2,9
2,147,TOR,TEX,0,2,9
2,147,CHW,NYM,4,6,9
2,147,LAD,CLE,9,5,9
2,147,SFG,DET,1,3,9
2,147,CIN,KCR,7,2,9
2,147,MIN,TBR,4,2,9
2,147,STL,BAL,7,4,9
2,147,BOS,MIL,1,5,10
2,147,PIT,ARI,9,6,9
2,147,COL,CHC,3,4,11
2,147,MIA,SDP,6,8,9
2,147,ATL,PHI,0,2,9
3,148,WSN,SEA,9,0,9
3,148,ATH,HOU,3,5,9
3,148,NYY,LAA,1,0,9
3,148,TOR,TEX,2,0,9
3,148,CHW,NYM,9,4,9
3,148,LAD,CLE,4,7,9
3,148,SFG,DET,3,4,9
3,148,CIN,KCR,2,3,9
3,148,MIN,TBR,0,5,9
3,148,STL,BAL,6,4,9
3,148,BOS,MIL,5,6,10
3,148,PIT,ARI,10,1,9
3,148,COL,CHC,1,2,9
3,148,MIA,SDP,10,8,9
4,149,WSN,SEA,9,3,10
4,149,TBR,HOU,13,3,9
4,149,ATH,TOR,0,12,9
4,149,ATL,PHI,4,5,9
4,149,ATL,PHI,9,3,9
5,150,MIN,SEA,12,6,10
5,150,TBR,HOU,1,2,9
5,150,ATH,TOR,7,11,9
5,150,LAA,CLE,4,1,9
5,150,STL,TEX,1,11,9
5,150,CHW,BAL,1,2,9
5,150,DET,KCR,7,5,9
5,150,BOS,ATL,5,1,9
5,150,NYY,LAD,5,8,9
5,150,WSN,ARI,9,7,9
5,150,COL,NYM,2,4,9
5,150,PIT,SDP,2,3,9
5,150,SFG,MIA,2,0,9
5,150,CIN,CHC,6,2,9
5,150,MIL,PHI,6,2,9
6,151,MIN,SEA,4,5,11
6,151,TBR,HOU,16,3,9
6,151,ATH,TOR,7,8,9
6,151,LAA,CLE,5,7,9
6,151,STL,TEX,2,0,9
6,151,CHW,BAL,2,4,9
6,151,DET,KCR,0,1,9
6,151,BOS,ATL,0,5,9
6,151,NYY,LAD,2,18,9
6,151,WSN,ARI,11,7,9
6,151,COL,NYM,2,8,9
6,151,PIT,SDP,5,0,9
6,151,SFG,MIA,0,1,9
6,151,CIN,CHC,0,2,9
6,151,MIL,PHI,17,7,9
0,152,MIN,SEA,1,2,9
0,152,TBR,HOU,0,1,9
0,152,ATH,TOR,4,8,9
0,152,LAA,CLE,2,4,9
0,152,STL,TEX,1,8,9
0,152,CHW,BAL,2,3,9
0,152,DET,KCR,1,0,9
0,152,BOS,ATL,3,1,9
0,152,NYY,LAD,7,3,9
0,152,WSN,ARI,1,3,9
0,152,COL,NYM,3,5,9
0,152,PIT,SDP,4,6,9
0,152,SFG,MIA,4,2,9
0,152,CIN,CHC,3,7,9
0,152,MIL,PHI,5,2,9
1,153,MIN,ATH,10,4,9
1,153,LAA,BOS,7,6,9
1,153,DET,CHW,13,1,9
1,153,COL,MIA,6,4,9
1,153,NYM,LAD,4,3,10
1,153,SDP,SFG,1,0,10
1,153,MIL,CIN,3,2,9
2,154,BAL,SEA,5,1,9
2,154,HOU,PIT,3,0,9
2,154,MIN,ATH,10,3,9
2,154,LAA,BOS,4,3,10
2,154,TEX,TBR,1,5,9
2,154,DET,CHW,1,8,9
2,154,CLE,NYY,2,3,9
2,154,KCR,STL,10,7,9
2,154,PHI,TOR,8,3,9
2,154,ARI,ATL,8,3,9
2,154,COL,MIA,3,2,9
2,154,NYM,LAD,5,6,10
2,154,SDP,SFG,3,2,10
2,154,CHC,WSN,8,3,9
2,154,MIL,CIN,2,4,9
3,155,BAL,SEA,3,2,9
3,155,HOU,PIT,0,3,9
3,155,MIN,ATH,6,1,9
3,155,LAA,BOS,9,11,9
3,155,TEX,TBR,4,5,9
3,155,DET,CHW,5,4,9
3,155,CLE,NYY,4,0,9
3,155,PHI,TOR,1,2,9
3,155,ARI,ATL,2,1,9
3,155,COL,MIA,3,2,9
3,155,NYM,LAD,6,1,9
3,155,SDP,SFG,5,6,9
3,155,CHC,WSN,0,2,9
3,155,MIL,CIN,9,1,9
4,156,BAL,SEA,4,3,9
4,156,HOU,PIT,8,2,9
4,156,MIN,ATH,3,14,9
4,156,TEX,TBR,3,4,9
4,156,DET,CHW,2,3,10
4,156,CLE,NYY,0,4,9
4,156,KCR,STL,5,6,10
4,156,KCR,STL,7,5,9
4,156,PHI,TOR,1,9,9
4,156,ARI,ATL,11,10,9
4,156,NYM,LAD,5,6,9
4,156,SDP,SFG,2,3,9
4,156,CHC,WSN,7,1,9
5,157,SEA,LAA,4,5,9
5,157,HOU,CLE,4,2,9
5,157,BAL,ATH,4,5,9
5,157,TEX,WSN,0,2,9
5,157,KCR,CHW,2,7,9
5,157,CHC,DET,1,3,9
5,157,TOR,MIN,6,4,9
5,157,BOS,NYY,6,9,9
5,157,MIA,TBR,3,4,9
5,157,ARI,CIN,3,4,10
5,157,NYM,COL,4,2,9
5,157,LAD,STL,0,5,9
5,157,SDP,MIL,2,0,9
5,157,ATL,SFG,4,5,10
5,157,PHI,PIT,4,5,9
6,158,SEA,LAA,6,8,9
6,158,HOU,CLE,5,3,10
6,158,BAL,ATH,7,4,9
6,158,TEX,WSN,5,0,9
6,158,KCR,CHW,1,4,9
6,158,CHC,DET,6,1,9
6,158,TOR,MIN,5,4,9
6,158,BOS,NYY,10,7,9
6,158,MIA,TBR,11,10,10
6,158,ARI,CIN,1,13,9
6,158,NYM,COL,8,1,9
6,158,LAD,STL,1,2,9
6,158,SDP,MIL,3,4,9
6,158,ATL,SFG,2,3,9
6,158,PHI,PIT,1,2,9
0,159,SEA,LAA,3,2,9
0,159,HOU,CLE,2,4,9
0,159,BAL,ATH,1,5,9
0,159,TEX,WSN,4,2,9
0,159,KCR,CHW,7,5,9
0,159,CHC,DET,0,4,9
0,159,TOR,MIN,3,6,9
0,159,BOS,NYY,11,7,9
0,159,MIA,TBR,2,3,9
0,159,ARI,CIN,2,4,9
0,159,NYM,COL,13,5,9
0,159,LAD,STL,7,3,9
0,159,SDP,MIL,1,0,9
0,159,ATL,SFG,3,4,9
0,159,PHI,PIT,1,2,9
1,160,SEA,ARI,4,8,11
1,160,ATH,LAA,4,7,9
1,160,CIN,CLE,7,4,9
1,160,TBR,BOS,10,8,11
1,160,TOR,STL,5,4,10
1,160,LAD,SDP,8,7,10
1,160,CHC,PHI,3,4,11
1,160,ATL,MIL,7,1,9
1,160,MIA,PIT,3,10,9
2,161,SEA,ARI,3,10,9
2,161,CHW,HOU,4,2,9
2,161,ATH,LAA,1,2,10
2,161,TEX,MIN,16,4,9
2,161,CIN,CLE,1,0,9
2,161,DET,BAL,5,3,9
2,161,NYY,KCR,10,2,9
2,161,TBR,BOS,1,3,9
2,161,TOR,STL,10,9,9
2,161,SFG,COL,6,5,9
2,161,LAD,SDP,1,11,9
2,161,CHC,PHI,8,4,9
2,161,ATL,MIL,1,4,9
2,161,MIA,PIT,3,2,9
2,161,WSN,NYM,4,5,10
3,162,SEA,ARI,2,5,9
3,162,CHW,HOU,2,10,9
3,162,ATH,LAA,5,6,9
3,162,TEX,MIN,2,6,9
3,162,CIN,CLE,2,11,9
3,162,DET,BAL,1,10,9
3,162,NYY,KCR,6,3,9
3,162,TBR,BOS,3,4,9
3,162,TOR,STL,5,2,9
3,162,SFG,COL,10,7,9
3,162,LAD,SDP,5,2,9
3,162,CHC,PHI,2,7,9
3,162,ATL,MIL,6,2,9
3,162,MIA,PIT,2,5,9
3,162,WSN,NYM,0,5,9
4,163,CHW,HOU,3,4,9
4,163,TEX,MIN,16,3,9
4,163,DET,BAL,4,1,9
4,163,NYY,KCR,1,0,9
4,163,SFG,COL,7,8,9
4,163,PIT,CHC,2,3,9
4,163,STL,MIL,0,6,9
4,163,WSN,NYM,3,4,9
5,164,CLE,SEA,2,7,9
5,164,MIN,HOU,3,10,9
5,164,ATH,KCR,6,4,9
5,164,LAA,BAL,0,2,9
5,164,CHW,TEX,1,3,9
5,164,CIN,DET,5,11,9
5,164,NYY,BOS,1,2,10
5,164,TBR,NYM,7,5,9
5,164,TOR,PHI,0,8,9
5,164,SDP,ARI,1,5,9
5,164,COL,ATL,4,12,9
5,164,SFG,LAD,6,2,9
5,164,PIT,CHC,2,1,10
5,164,STL,MIL,2,3,9
5,164,MIA,WSN,11,9,9
6,165,CLE,SEA,3,4,9
6,165,MIN,HOU,2,3,9
6,165,ATH,KCR,4,0,9
6,165,LAA,BAL,5,6,9
6,165,CHW,TEX,4,5,11
6,165,CIN,DET,11,1,9
6,165,NYY,BOS,3,4,9
6,165,TBR,NYM,8,4,9
6,165,TOR,PHI,2,3,9
6,165,SDP,ARI,7,8,9
6,165,COL,ATL,1,4,9
6,165,SFG,LAD,5,11,9
6,165,PIT,CHC,1,2,9
6,165,STL,MIL,8,5,9
6,165,MIA,WSN,4,3,9
0,166,CLE,SEA,0,6,9
0,166,MIN,HOU,1,2,10
0,166,ATH,KCR,3,2,9
0,166,LAA,BAL,2,11,9
0,166,CHW,TEX,1,2,9
0,166,CIN,DET,8,4,9
0,166,NYY,BOS,0,2,9
0,166,TBR,NYM,9,0,9
0,166,TOR,PHI,4,11,9
0,166,SDP,ARI,8,2,9
0,166,COL,ATL,10,1,9
0,166,SFG,LAD,4,5,9
0,166,PIT,CHC,2,3,10
0,166,STL,MIL,2,3,9
0,166,MIA,WSN,3,1,9
1,167,BOS,SEA,2,0,9
1,167,HOU,ATH,1,3,9
1,167,LAA,NYY,1,0,11
1,167,BAL,TBR,1,7,9
1,167,COL,WSN,6,4,9
1,167,SDP,LAD,3,6,9
1,167,PHI,MIA,5,2,9
2,168,BOS,SEA,0,8,9
2,168,HOU,ATH,13,3,9
2,168,LAA,NYY,4,0,9
2,168,KCR,TEX,6,1,9
2,168,STL,CHW,12,2,9
2,168,CLE,SFG,3,2,9
2,168,PIT,DET,3,7,9
2,168,MIN,CIN,5,6,9
2,168,BAL,TBR,5,1,9
2,168,ARI,TOR,4,5,9
2,168,COL,WSN,10,6,9
2,168,SDP,LAD,6,8,9
2,168,MIL,CHC,3,5,9
2,168,NYM,ATL,4,5,10
2,168,PHI,MIA,3,8,9
3,169,BOS,SEA,3,1,9
3,169,HOU,ATH,11,4,9
3,169,LAA,NYY,3,2,9
3,169,KCR,TEX,6,3,9
3,169,CLE,SFG,4,2,9
3,169,MIN,CIN,2,4,6
3,169,BAL,TBR,8,12,9
3,169,ARI,TOR,1,8,9
3,169,COL,WSN,3,1,9
3,169,SDP,LAD,3,4,9
3,169,NYM,ATL,0,5,9
3,169,PHI,MIA,4,2,9
4,170,HOU,ATH,4,6,10
4,170,LAA,NYY,3,7,9
4,170,KCR,TEX,4,1,9
4,170,STL,CHW,5,4,9
4,170,STL,CHW,8,6,10
4,170,CLE,SFG,1,2,9
4,170,PIT,DET,2,9,9
4,170,PIT,DET,8,4,10
4,170,MIN,CIN,12,5,9
4,170,BAL,TBR,4,1,9
4,170,ARI,TOR,9,5,9
4,170,COL,WSN,3,4,11
4,170,SDP,LAD,5,3,9
4,170,MIL,CHC,8,7,9
4,170,NYM,ATL,1,7,9
4,170,PHI,MIA,2,1,9
5,171,SEA,CHC,9,4,9
5,171,HOU,LAA,3,2,10
5,171,CLE,ATH,1,5,9
5,171,TEX,PIT,6,2,9
5,171,CHW,TOR,7,1,9
5,171,DET,TBR,8,14,9
5,171,KCR,SDP,6,5,9
5,171,MIL,MIN,17,6,9
5,171,BAL,NYY,5,3,9
5,171,BOS,SFG,7,5,9
5,171,ARI,COL,14,8,9
5,171,WSN,LAD,5,6,9
5,171,CIN,STL,1,6,9
5,171,ATL,MIA,2,6,9
5,171,NYM,PHI,2,10,9
6,172,SEA,CHC,7,10,9
6,172,HOU,LAA,1,9,9
6,172,CLE,ATH,4,2,9
6,172,TEX,PIT,3,2,9
6,172,CHW,TOR,1,7,9
6,172,DET,TBR,3,8,9
6,172,KCR,SDP,1,5,9
6,172,MIL,MIN,9,0,9
6,172,BAL,NYY,0,9,9
6,172,BOS,SFG,2,3,9
6,172,ARI,COL,5,3,9
6,172,WSN,LAD,7,3,9
6,172,CIN,STL,5,6,11
6,172,ATL,MIA,7,0,9
6,172,NYM,PHI,11,4,9
0,173,SEA,CHC,14,6,9
0,173,HOU,LAA,8,7,9
0,173,CLE,ATH,3,0,9
0,173,TEX,PIT,3,8,9
0,173,CHW,TOR,4,2,9
0,173,DET,TBR,9,3,9
0,173,KCR,SDP,2,3,9
0,173,MIL,MIN,9,8,9
0,173,BAL,NYY,2,4,9
0,173,BOS,SFG,5,9,9
0,173,ARI,COL,2,4,9
0,173,WSN,LAD,7,13,9
0,173,CIN,STL,4,1,9
0,173,ATL,MIA,3,5,9
0,173,NYM,PHI,1,7,9
1,174,SEA,MIN,11,2,9
1,174,BOS,LAA,5,9,9
1,174,TEX,BAL,0,6,9
1,174,ARI,CHW,10,0,9
1,174,NYY,CIN,1,6,9
1,174,WSN,SDP,10,6,9
1,174,CHC,STL,2,8,9
1,174,PIT,MIL,5,4,9
1,174,ATL,NYM,3,2,9
2,175,SEA,MIN,6,5,9
2,175,PHI,HOU,0,1,9
2,175,ATH,DET,4,11,9
2,175,BOS,LAA,2,3,10
2,175,TEX,BAL,6,5,10
2,175,ARI,CHW,4,1,9
2,175,TOR,CLE,10,6,9
2,175,TBR,KCR,5,1,9
2,175,NYY,CIN,4,5,11
2,175,LAD,COL,9,7,9
2,175,WSN,SDP,3,4,9
2,175,MIA,SFG,4,2,9
2,175,CHC,STL,7,8,9
2,175,PIT,MIL,3,9,9
2,175,ATL,NYM,7,4,9
3,176,SEA,MIN,0,2,9
3,176,PHI,HOU,0,2,9
3,176,ATH,DET,3,0,9
3,176,BOS,LAA,2,5,9
3,176,TEX,BAL,7,0,9
3,176,ARI,CHW,3,7,9
3,176,TOR,CLE,4,5,10
3,176,TBR,KCR,3,0,9
3,176,NYY,CIN,7,1,9
3,176,LAD,COL,8,1,9
3,176,WSN,SDP,0,1,9
3,176,MIA,SFG,8,5,10
3,176,CHC,STL,8,0,9
3,176,PIT,MIL,2,4,9
3,176,ATL,NYM,3,7,9
4,177,SEA,MIN,1,10,9
4,177,PHI,HOU,1,2,9
4,177,ATH,DET,0,8,9
4,177,TOR,CLE,6,0,9
4,177,TBR,KCR,4,0,9
4,177,LAD,COL,3,1,9
4,177,MIA,SFG,12,5,9
4,177,CHC,STL,3,0,9
4,177,ATL,NYM,0,4,9
5,178,SEA,TEX,7,6,12
5,178,CHC,HOU,4,7,9
5,178,ATH,NYY,0,3,9
5,178,WSN,LAA,15,9,9
5,178,SFG,CHW,3,1,9
5,178,STL,CLE,5,0,9
5,178,MIN,DET,4,1,9
5,178,LAD,KCR,5,4,9
5,178,TBR,BAL,8,22,9
5,178,TOR,BOS,9,0,9
5,178,MIA,ARI,9,8,9
5,178,COL,MIL,6,10,9
5,178,SDP,CIN,1,8,9
5,178,NYM,PIT,1,9,9
5,178,PHI,ATL,13,0,9
6,179,SEA,TEX,2,3,10
6,179,CHC,HOU,12,3,9
6,179,ATH,NYY,7,0,9
6,179,WSN,LAA,2,8,9
6,179,SFG,CHW,0,1,9
6,179,STL,CLE,9,6,9
6,179,MIN,DET,5,10,9
6,179,LAD,KCR,5,9,9
6,179,TBR,BAL,11,3,9
6,179,TOR,BOS,1,15,9
6,179,MIA,ARI,8,7,10
6,179,COL,MIL,0,5,9
6,179,SDP,CIN,6,4,9
6,179,NYM,PIT,2,9,9
6,179,PHI,ATL,1,6,9
0,180,SEA,TEX,6,4,12
0,180,CHC,HOU,0,2,9
0,180,ATH,NYY,5,12,9
0,180,WSN,LAA,7,4,11
0,180,SFG,CHW,2,5,9
0,180,STL,CLE,7,0,9
0,180,MIN,DET,0,3,9
0,180,LAD,KCR,5,1,9
0,180,TBR,BAL,1,5,9
0,180,TOR,BOS,5,3,9
0,180,MIA,ARI,6,4,9
0,180,COL,MIL,4,3,11
0,180,SDP,CIN,2,3,9
0,180,NYM,PIT,1,12,9
0,180,PHI,ATL,2,1,9
1,181,KCR,SEA,2,6,9
1,181,ATH,TBR,6,4,9
1,181,BAL,TEX,10,6,11
1,181,CIN,BOS,6,13,9
1,181,NYY,TOR,4,5,9
1,181,SFG,ARI,2,4,9
1,181,SDP,PHI,0,4,9
1,181,STL,PIT,0,7,9
2,182,KCR,SEA,6,3,9
2,182,HOU,COL,6,5,9
2,182,ATH,TBR,4,3,10
2,182,LAA,ATL,4,0,9
2,182,BAL,TEX,2,10,9
2,182,CHW,LAD,1,6,9
2,182,CLE,CHC,2,5,9
2,182,MIN,MIA,0,2,9
2,182,CIN,BOS,3,5,9
2,182,NYY,TOR,5,12,9
2,182,SFG,ARI,2,8,9
2,182,STL,PIT,0,1,9
3,183,KCR,SEA,2,3,9
3,183,HOU,COL,5,3,9
3,183,ATH,TBR,5,6,9
3,183,LAA,ATL,3,8,9
3,183,BAL,TEX,0,6,9
3,183,CHW,LAD,4,5,9
3,183,CLE,CHC,4,5,9
3,183,DET,WSN,11,2,9
3,183,DET,WSN,4,9,9
3,183,MIN,MIA,2,1,9
3,183,CIN,BOS,8,4,9
3,183,NYY,TOR,9,11,9
3,183,SFG,ARI,6,5,10
3,183,SDP,PHI,6,4,9
3,183,SDP,PHI,1,5,9
3,183,MIL,NYM,7,2,9
3,183,MIL,NYM,3,7,9
3,183,STL,PIT,0,5,9
4,184,KCR,SEA,3,2,9
4,184,HOU,COL,6,7,9
4,184,LAA,ATL,5,1,9
4,184,CHW,LAD,2,6,9
4,184,CLE,CHC,0,1,10
4,184,DET,WSN,7,11,9
4,184,MIN,MIA,1,4,9
4,184,NYY,TOR,5,8,9
4,184,SFG,ARI,7,2,9
4,184,MIL,NYM,2,3,9
5,185,PIT,SEA,0,6,9
5,185,HOU,LAD,18,1,9
5,185,SFG,ATH,2,11,9
5,185,LAA,TOR,3,4,10
5,185,TEX,SDP,2,3,10
5,185,CHW,COL,3,2,9
5,185,DET,CLE,2,1,9
5,185,KCR,ARI,9,3,9
5,185,TBR,MIN,3,4,9
5,185,BAL,ATL,3,2,9
5,185,BOS,WSN,11,2,9
5,185,NYY,NYM,5,6,9
5,185,STL,CHC,3,11,9
5,185,CIN,PHI,9,6,9
5,185,MIL,MIA,6,5,9
6,186,PIT,SEA,0,1,9
6,186,HOU,LAD,6,4,9
6,186,SFG,ATH,7,2,9
6,186,LAA,TOR,3,4,11
6,186,TEX,SDP,7,4,9
6,186,CHW,COL,10,3,9
6,186,DET,CLE,1,0,9
6,186,KCR,ARI,1,7,9
6,186,TBR,MIN,5,6,9
6,186,BAL,ATL,9,6,10
6,186,BOS,WSN,10,3,9
6,186,NYY,NYM,6,12,9
6,186,STL,CHC,8,6,9
6,186,CIN,PHI,1,5,9
6,186,MIL,MIA,2,4,9
0,187,PIT,SEA,0,1,9
0,187,HOU,LAD,5,1,9
0,187,SFG,ATH,6,2,9
0,187,LAA,TOR,2,3,9
0,187,TEX,SDP,1,4,9
0,187,CHW,COL,4,6,9
0,187,DET,CLE,7,2,10
0,187,KCR,ARI,4,0,9
0,187,TBR,MIN,7,5,10
0,187,BAL,ATL,2,1,9
0,187,BOS,WSN,6,4,9
0,187,NYY,NYM,6,4,9
0,187,STL,CHC,0,11,9
0,187,CIN,PHI,1,3,9
0,187,MIL,MIA,3,1,9
1,188,CLE,HOU,7,5,9
1,188,TEX,LAA,5,6,9
1,188,TOR,CHW,8,4,9
1,188,TBR,DET,1,5,9
1,188,PIT,KCR,3,9,9
1,188,COL,BOS,3,9,9
1,188,ARI,SDP,6,3,9
1,188,LAD,MIL,1,9,9
1,188,PHI,SFG,1,3,9
1,188,MIA,CIN,5,1,9
2,189,SEA,NYY,3,10,9
2,189,CLE,HOU,10,6,10
2,189,ATL,ATH,1,10,9
2,189,TEX,LAA,13,1,9
2,189,TOR,CHW,6,1,7
2,189,TBR,DET,2,4,9
2,189,PIT,KCR,3,4,9
2,189,CHC,MIN,1,8,9
2,189,NYM,BAL,7,6,10
2,189,COL,BOS,2,10,9
2,189,ARI,SDP,0,1,9
2,189,LAD,MIL,1,3,9
2,189,PHI,SFG,3,4,9
2,189,MIA,CIN,12,2,9
2,189,WSN,STL,2,4,9
3,190,SEA,NYY,6,9,9
3,190,CLE,HOU,4,2,9
3,190,ATL,ATH,9,2,9
3,190,TEX,LAA,8,11,9
3,190,TOR,CHW,1,2,9
3,190,TBR,DET,7,3,9
3,190,PIT,KCR,3,4,9
3,190,CHC,MIN,2,4,9
3,190,COL,BOS,2,10,9
3,190,ARI,SDP,8,2,9
3,190,LAD,MIL,2,3,10
3,190,PHI,SFG,13,0,9
3,190,MIA,CIN,2,7,9
3,190,WSN,STL,8,2,9
4,191,SEA,NYY,5,6,10
4,191,ATL,ATH,4,5,11
4,191,TEX,LAA,11,4,9
4,191,CHC,MIN,8,1,9
4,191,NYM,BAL,1,3,9
4,191,NYM,BAL,3,7,9
4,191,TBR,BOS,3,4,9
4,191,ARI,SDP,3,4,9
4,191,MIA,CIN,0,6,9
4,191,WSN,STL,1,8,9
5,192,SEA,DET,12,3,9
5,192,TEX,HOU,7,3,9
5,192,TOR,ATH,7,6,9
5,192,ARI,LAA,5,6,9
5,192,CLE,CHW,4,2,9
5,192,CLE,CHW,4,5,11
5,192,NYM,KCR,8,3,9
5,192,PIT,MIN,1,2,9
5,192,MIA,BAL,2,5,9
5,192,TBR,BOS,4,5,9
5,192,CHC,NYY,0,11,9
5,192,COL,CIN,3,2,9
5,192,LAD,SFG,7,8,9
5,192,PHI,SDP,2,4,9
5,192,WSN,MIL,3,8,9
5,192,ATL,STL,6,5,9
6,193,SEA,DET,15,7,9
6,193,TEX,HOU,4,5,11
6,193,TOR,ATH,3,4,9
6,193,ARI,LAA,5,10,9
6,193,CLE,CHW,6,2,9
6,193,NYM,KCR,3,1,9
6,193,PIT,MIN,4,12,9
6,193,MIA,BAL,6,0,9
6,193,TBR,BOS,0,1,9
6,193,CHC,NYY,5,2,9
6,193,COL,CIN,3,4,9
6,193,LAD,SFG,2,1,9
6,193,PHI,SDP,4,5,9
6,193,WSN,MIL,5,6,9
6,193,ATL,STL,7,6,9
0,194,SEA,DET,8,4,9
0,194,TEX,HOU,5,1,9
0,194,TOR,ATH,3,6,9
0,194,ARI,LAA,5,1,9
0,194,CLE,CHW,6,5,10
0,194,NYM,KCR,2,3,9
0,194,PIT,MIN,2,1,9
0,194,MIA,BAL,11,1,9
0,194,TBR,BOS,1,4,9
0,194,CHC,NYY,4,1,9
0,194,COL,CIN,2,4,9
0,194,LAD,SFG,5,2,11
0,194,PHI,SDP,2,1,9
0,194,WSN,MIL,1,8,9
0,194,ATL,STL,4,5,9
5,199,HOU,SEA,1,6,9
5,199,ATH,CLE,6,8,9
5,199,LAA,PHI,6,5,9
5,199,DET,TEX,0,2,9
5,199,CHW,PIT,10,1,9
5,199,KCR,MIA,7,8,10
5,199,MIN,COL,4,6,9
5,199,BAL,TBR,1,11,9
5,199,BOS,CHC,1,4,9
5,199,NYY,ATL,3,7,9
5,199,SFG,TOR,0,4,9
5,199,STL,ARI,3,7,9
5,199,MIL,LAD,2,0,9
5,199,SDP,WSN,7,2,9
5,199,CIN,NYM,8,4,9
6,200,HOU,SEA,6,7,11
6,200,ATH,CLE,8,2,9
6,200,LAA,PHI,5,9,9
6,200,DET,TEX,1,4,9
6,200,CHW,PIT,10,4,9
6,200,KCR,MIA,1,3,9
6,200,MIN,COL,6,10,9
6,200,BAL,TBR,3,4,9
6,200,BOS,CHC,0,6,9
6,200,NYY,ATL,12,9,9
6,200,SFG,TOR,3,6,9
6,200,STL,ARI,1,10,9
6,200,MIL,LAD,8,7,9
6,200,SDP,WSN,2,4,9
6,200,CIN,NYM,5,2,9
0,201,HOU,SEA,11,3,9
0,201,ATH,CLE,2,8,9
0,201,LAA,PHI,8,2,9
0,201,DET,TEX,2,1,9
0,201,CHW,PIT,7,2,9
0,201,KCR,MIA,7,4,9
0,201,MIN,COL,7,1,9
0,201,BAL,TBR,5,3,9
0,201,BOS,CHC,6,1,9
0,201,NYY,ATL,4,2,9
0,201,SFG,TOR,6,8,9
0,201,STL,ARI,3,5,9
0,201,MIL,LAD,6,5,9
0,201,SDP,WSN,8,1,9
0,201,CIN,NYM,2,3,9
1,202,MIL,SEA,6,0,9
1,202,HOU,ARI,6,3,9
1,202,ATH,TEX,2,7,9
1,202,LAA,NYM,5,7,9
1,202,CHW,TBR,8,3,9
1,202,BAL,CLE,5,10,9
1,202,DET,PIT,0,3,9
1,202,KCR,CHC,12,4,9
1,202,MIN,LAD,2,5,9
1,202,BOS,PHI,2,3,10
1,202,NYY,TOR,1,4,9
1,202,STL,COL,6,2,9
1,202,SDP,MIA,2,1,9
1,202,SFG,ATL,5,9,9
1,202,CIN,WSN,8,10,9
2,203,MIL,SEA,0,1,9
2,203,HOU,ARI,3,1,9
2,203,ATH,TEX,2,6,9
2,203,LAA,NYM,2,3,9
2,203,CHW,TBR,3,4,9
2,203,BAL,CLE,3,6,9
2,203,DET,PIT,5,8,9
2,203,KCR,CHC,0,6,9
2,203,MIN,LAD,10,7,9
2,203,BOS,PHI,1,4,9
2,203,NYY,TOR,5,4,9
2,203,STL,COL,4,8,9
2,203,SDP,MIA,3,4,9
2,203,SFG,ATL,9,0,9
2,203,CIN,WSN,1,6,9
3,204,MIL,SEA,10,2,9
3,204,HOU,ARI,4,3,9
3,204,ATH,TEX,1,2,9
3,204,LAA,NYM,3,6,9
3,204,CHW,TBR,11,9,9
3,204,BAL,CLE,2,3,9
3,204,DET,PIT,1,6,9
3,204,KCR,CHC,8,4,9
3,204,MIN,LAD,3,4,9
3,204,BOS,PHI,9,8,11
3,204,NYY,TOR,4,8,9
3,204,STL,COL,0,6,9
3,204,SDP,MIA,2,3,9
3,204,SFG,ATL,9,3,9
3,204,CIN,WSN,5,0,9
4,205,SEA,LAA,4,2,9
4,205,ATH,HOU,5,2,9
4,205,BAL,CLE,4,3,9
4,205,TOR,DET,11,4,9
4,205,SDP,STL,7,9,9
5,206,SEA,LAA,2,3,10
5,206,ATH,HOU,15,3,9
5,206,ATL,TEX,3,8,9
5,206,CHC,CHW,5,12,9
5,206,TOR,DET,6,2,9
5,206,WSN,MIN,0,1,9
5,206,COL,BAL,6,5,9
5,206,LAD,BOS,5,2,9
5,206,PHI,NYY,12,5,9
5,206,TBR,CIN,2,7,9
5,206,ARI,PIT,1,0,11
5,206,SDP,STL,0,3,9
5,206,NYM,SFG,8,1,9
5,206,MIA,MIL,5,1,9
6,207,SEA,LAA,7,2,9
6,207,ATH,HOU,5,1,9
6,207,ATL,TEX,5,6,10
6,207,CHC,CHW,6,1,9
6,207,CLE,KCR,3,5,10
6,207,CLE,KCR,6,4,9
6,207,TOR,DET,6,1,9
6,207,WSN,MIN,9,3,9
6,207,COL,BAL,0,18,9
6,207,LAD,BOS,2,4,9
6,207,PHI,NYY,9,4,9
6,207,TBR,CIN,2,6,9
6,207,ARI,PIT,0,2,9
6,207,SDP,STL,3,1,9
6,207,NYM,SFG,2,1,9
6,207,MIA,MIL,7,4,9
0,208,SEA,LAA,1,4,9
0,208,ATH,HOU,7,1,9
0,208,ATL,TEX,1,8,9
0,208,CHC,CHW,5,4,9
0,208,CLE,KCR,1,4,9
0,208,TOR,DET,4,10,9
0,208,WSN,MIN,7,2,9
0,208,COL,BAL,1,5,9
0,208,LAD,BOS,3,4,9
0,208,PHI,NYY,3,4,9
0,208,TBR,CIN,1,2,9
0,208,ARI,PIT,0,6,9
0,208,SDP,STL,9,2,9
0,208,NYM,SFG,5,3,9
0,208,MIA,MIL,2,3,9
1,209,SEA,ATH,3,1,9
1,209,WSN,HOU,2,1,9
1,209,TEX,LAA,4,6,9
1,209,PHI,CHW,2,6,9
1,209,COL,CLE,8,6,9
1,209,ARI,DET,1,5,9
1,209,ATL,KCR,10,7,9
1,209,BOS,MIN,4,5,9
1,209,TOR,BAL,4,11,9
1,209,TBR,NYY,4,2,9
1,209,LAD,CIN,5,2,9
1,209,NYM,SDP,6,7,9
1,209,PIT,SFG,6,5,9
1,209,CHC,MIL,4,8,9
1,209,MIA,STL,1,7,9
2,210,SEA,ATH,1,6,9
2,210,WSN,HOU,4,7,9
2,210,TEX,LAA,5,8,9
2,210,PHI,CHW,6,3,9
2,210,COL,CLE,4,10,9
2,210,ARI,DET,2,12,9
2,210,ATL,KCR,6,9,9
2,210,BOS,MIN,8,5,9
2,210,TOR,BAL,4,16,9
2,210,TOR,BAL,2,3,9
2,210,TBR,NYY,5,7,9
2,210,LAD,CIN,5,4,9
2,210,NYM,SDP,1,7,9
2,210,PIT,SFG,3,1,9
2,210,CHC,MIL,3,9,9
2,210,MIA,STL,5,0,9
3,211,SEA,ATH,4,5,9
3,211,WSN,HOU,1,9,9
3,211,TEX,LAA,6,3,9
3,211,PHI,CHW,3,9,9
3,211,COL,CLE,0,5,9
3,211,ARI,DET,2,7,9
3,211,ATL,KCR,0,1,10
3,211,BOS,MIN,13,1,9
3,211,TOR,BAL,9,8,9
3,211,TBR,NYY,4,5,11
3,211,LAD,CIN,2,5,9
3,211,NYM,SDP,0,5,9
3,211,PIT,SFG,2,1,10
3,211,CHC,MIL,10,3,9
3,211,MIA,STL,2,0,9
4,212,TEX,SEA,0,6,9
4,212,TBR,NYY,4,7,9
4,212,ATL,CIN,12,11,10
5,213,TEX,SEA,3,4,9
5,213,HOU,BOS,1,2,10
5,213,ARI,ATH,1,5,9
5,213,CHW,LAA,6,3,9
5,213,MIN,CLE,2,3,10
5,213,DET,PHI,4,5,9
5,213,KCR,TOR,9,3,9
5,213,BAL,CHC,0,1,9
5,213,NYY,MIA,12,13,9
5,213,LAD,TBR,5,0,9
5,213,PIT,COL,16,17,9
5,213,STL,SDP,1,4,9
5,213,SFG,NYM,4,3,10
5,213,ATL,CIN,2,3,9
5,213,MIL,WSN,16,9,9
6,214,TEX,SEA,6,4,11
6,214,HOU,BOS,3,7,9
6,214,ARI,ATH,7,2,9
6,214,CHW,LAA,1,0,9
6,214,MIN,CLE,4,5,9
6,214,DET,PHI,7,5,9
6,214,KCR,TOR,2,4,9
6,214,BAL,CHC,4,3,9
6,214,NYY,MIA,0,2,9
6,214,LAD,TBR,0,4,9
6,214,PIT,COL,5,8,9
6,214,STL,SDP,8,5,9
6,214,SFG,NYM,6,12,9
6,214,ATL,CIN,4,2,9
6,214,MIL,WSN,8,2,9
0,215,TEX,SEA,4,5,9
0,215,HOU,BOS,1,6,9
0,215,ARI,ATH,6,4,9
0,215,CHW,LAA,5,8,9
0,215,MIN,CLE,5,4,9
0,215,DET,PHI,0,2,9
0,215,KCR,TOR,7,4,10
0,215,BAL,CHC,3,5,9
0,215,NYY,MIA,3,7,9
0,215,LAD,TBR,3,0,9
0,215,PIT,COL,9,5,9
0,215,STL,SDP,3,7,9
0,215,SFG,NYM,12,4,9
0,215,MIL,WSN,14,3,9
1,216,HOU,MIA,8,2,9
1,216,TBR,LAA,1,5,9
1,216,NYY,TEX,5,8,10
1,216,CLE,NYM,7,6,10
1,216,MIN,DET,3,6,9
1,216,KCR,BOS,5,8,9
1,216,BAL,PHI,3,13,9
1,216,TOR,COL,15,1,9
1,216,SDP,ARI,2,6,9
1,216,STL,LAD,3,2,9
1,216,SFG,PIT,4,5,9
1,216,CIN,CHC,3,2,9
1,216,MIL,ATL,3,1,9
2,217,CHW,SEA,3,8,9
2,217,HOU,MIA,7,3,9
2,217,ATH,WSN,16,7,9
2,217,TBR,LAA,7,3,9
2,217,NYY,TEX,0,2,9
2,217,CLE,NYM,3,2,9
2,217,MIN,DET,6,3,9
2,217,KCR,BOS,2,6,9
2,217,BAL,PHI,0,5,9
2,217,TOR,COL,10,4,9
2,217,SDP,ARI,10,5,11
2,217,STL,LAD,6,12,9
2,217,SFG,PIT,8,1,9
2,217,CIN,CHC,5,1,9
2,217,MIL,ATL,7,2,9
3,218,CHW,SEA,6,8,9
3,218,HOU,MIA,4,6,9
3,218,ATH,WSN,1,2,9
3,218,TBR,LAA,5,4,9
3,218,NYY,TEX,3,2,9
3,218,CLE,NYM,4,1,9
3,218,MIN,DET,9,4,9
3,218,KCR,BOS,7,3,9
3,218,BAL,PHI,5,1,9
3,218,TOR,COL,20,1,9
3,218,SDP,ARI,3,2,9
3,218,STL,LAD,5,3,9
3,218,SFG,PIT,4,2,9
3,218,CIN,CHC,1,6,9
3,218,MIL,ATL,5,4,9
4,219,CHW,SEA,3,4,11
4,219,ATH,WSN,6,0,9
4,219,CIN,PIT,0,7,9
4,219,MIA,ATL,6,8,9
5,220,TBR,SEA,2,3,9
5,220,HOU,NYY,5,3,10
5,220,ATH,BAL,2,3,9
5,220,LAA,DET,5,6,9
5,220,PHI,TEX,9,1,9
5,220,CLE,CHW,9,5,9
5,220,KCR,MIN,4,9,9
5,220,BOS,SDP,10,2,9
5,220,TOR,LAD,1,5,9
5,220,COL,ARI,1,6,9
5,220,WSN,SFG,0,5,9
5,220,CHC,STL,0,5,9
5,220,CIN,PIT,2,3,9
5,220,NYM,MIL,2,3,9
5,220,MIA,ATL,5,1,9
6,221,TBR,SEA,4,7,9
6,221,HOU,NYY,4,5,9
6,221,ATH,BAL,11,3,9
6,221,LAA,DET,7,4,9
6,221,PHI,TEX,3,2,9
6,221,CLE,CHW,3,1,9
6,221,KCR,MIN,2,0,9
6,221,BOS,SDP,4,5,10
6,221,TOR,LAD,1,9,9
6,221,COL,ARI,5,6,9
6,221,WSN,SFG,4,2,9
6,221,CHC,STL,9,1,9
6,221,CIN,PIT,2,1,9
6,221,NYM,MIL,4,7,9
6,221,MIA,ATL,1,7,9
6,221,MIA,ATL,6,8,9
0,222,TBR,SEA,3,6,9
0,222,HOU,NYY,7,1,9
0,222,ATH,BAL,3,2,9
0,222,LAA,DET,5,9,9
0,222,PHI,TEX,4,2,9
0,222,CLE,CHW,4,6,9
0,222,KCR,MIN,3,5,11
0,222,BOS,SDP,2,6,9
0,222,TOR,LAD,5,4,9
0,222,COL,ARI,6,13,9
0,222,WSN,SFG,8,0,9
0,222,CHC,STL,2,3,9
0,222,CIN,PIT,14,8,9
0,222,NYM,MIL,6,7,9
0,222,MIA,ATL,1,7,9
1,223,BOS,HOU,6,7,9
1,223,TBR,ATH,7,4,9
1,223,LAD,LAA,4,7,9
1,223,ARI,TEX,6,7,10
1,223,DET,CHW,2,1,9
1,223,WSN,KCR,4,7,9
1,223,MIN,NYY,2,6,9
1,223,COL,STL,2,3,9
1,223,SDP,SFG,4,1,9
1,223,PHI,CIN,4,1,9
1,223,PIT,MIL,1,7,9
2,224,SEA,BAL,1,0,9
2,224,BOS,HOU,14,1,9
2,224,TBR,ATH,0,6,9
2,224,LAD,LAA,6,7,10
2,224,ARI,TEX,3,2,9
2,224,DET,CHW,6,9,9
2,224,MIA,CLE,3,4,9
2,224,WSN,KCR,5,8,9
2,224,MIN,NYY,1,9,9
2,224,CHC,TOR,1,5,9
2,224,COL,STL,3,0,9
2,224,SDP,SFG,5,1,9
2,224,PHI,CIN,1,6,9
2,224,PIT,MIL,0,14,9
2,224,ATL,NYM,5,13,9
3,225,SEA,BAL,3,4,9
3,225,BOS,HOU,1,4,9
3,225,TBR,ATH,8,2,9
3,225,LAD,LAA,5,6,9
3,225,ARI,TEX,6,4,9
3,225,DET,CHW,1,0,9
3,225,MIA,CLE,13,4,9
3,225,WSN,KCR,8,7,9
3,225,MIN,NYY,4,1,9
3,225,CHC,TOR,4,1,9
3,225,COL,STL,6,5,9
3,225,SDP,SFG,11,1,9
3,225,PHI,CIN,0,8,9
3,225,PIT,MIL,5,12,9
3,225,ATL,NYM,11,6,9
4,226,SEA,BAL,3,5,9
4,226,MIA,CLE,4,9,9
4,226,DET,MIN,4,3,11
4,226,CHC,TOR,1,2,9
4,226,ARI,COL,8,2,9
4,226,ATL,NYM,4,3,9
4,226,PHI,WSN,2,3,9
5,227,SEA,NYM,11,9,9
5,227,BAL,HOU,7,0,9
5,227,LAA,ATH,3,10,9
5,227,TEX,TOR,5,6,9
5,227,CHW,KCR,1,3,9
5,227,ATL,CLE,2,0,9
5,227,DET,MIN,7,0,9
5,227,MIA,BOS,1,2,9
5,227,NYY,STL,4,3,9
5,227,TBR,SFG,7,6,9
5,227,ARI,COL,3,4,9
5,227,SDP,LAD,2,3,9
5,227,PIT,CHC,3,2,9
5,227,MIL,CIN,10,8,9
5,227,PHI,WSN,6,2,9
6,228,SEA,NYM,1,3,9
6,228,BAL,HOU,4,5,12
6,228,LAA,ATH,2,7,9
6,228,TEX,TOR,2,14,9
6,228,CHW,KCR,2,6,9
6,228,ATL,CLE,10,1,9
6,228,DET,MIN,8,5,9
6,228,MIA,BOS,5,7,9
6,228,NYY,STL,12,8,9
6,228,TBR,SFG,2,1,9
6,228,ARI,COL,7,10,9
6,228,SDP,LAD,0,6,9
6,228,PIT,CHC,1,3,9
6,228,MIL,CIN,6,5,11
6,228,PHI,WSN,0,2,9
0,229,SEA,NYM,3,7,9
0,229,BAL,HOU,12,0,9
0,229,LAA,ATH,11,5,10
0,229,TEX,TOR,10,4,9
0,229,CHW,KCR,2,6,9
0,229,ATL,CLE,5,4,9
0,229,DET,MIN,1,8,9
0,229,MIA,BOS,5,3,9
0,229,NYY,STL,8,4,9
0,229,TBR,SFG,1,7,9
0,229,ARI,COL,5,6,9
0,229,SDP,LAD,4,5,9
0,229,PIT,CHC,3,4,9
0,229,MIL,CIN,2,3,10
0,229,PHI,WSN,11,9,9
1,230,SEA,PHI,7,12,9
1,230,HOU,DET,0,10,9
1,230,CIN,LAA,4,1,9
1,230,TEX,KCR,3,4,9
1,230,CHW,ATL,13,9,9
1,230,CLE,ARI,3,1,9
1,230,BAL,BOS,6,3,9
1,230,TOR,PIT,2,5,9
1,230,LAD,COL,3,4,9
1,230,SFG,SDP,4,3,9
1,230,MIL,CHC,7,0,9
1,230,STL,MIA,8,3,9
2,231,SEA,PHI,4,6,9
2,231,HOU,DET,0,1,10
2,231,ATH,MIN,6,3,9
2,231,CIN,LAA,6,4,9
2,231,TEX,KCR,2,5,9
2,231,CHW,ATL,10,11,9
2,231,CLE,ARI,5,6,9
2,231,BAL,BOS,4,3,11
2,231,NYY,TBR,13,3,9
2,231,TOR,PIT,7,3,9
2,231,LAD,COL,11,4,9
2,231,SFG,SDP,1,5,9
2,231,MIL,CHC,4,6,9
2,231,MIL,CHC,1,4,9
2,231,STL,MIA,7,4,9
2,231,NYM,WSN,8,1,9
3,232,SEA,PHI,2,11,9
3,232,HOU,DET,2,7,9
3,232,ATH,MIN,4,2,10
3,232,CIN,LAA,1,2,9
3,232,TEX,KCR,6,3,9
3,232,CHW,ATL,0,1,9
3,232,CLE,ARI,2,3,10
3,232,NYY,TBR,6,4,10
3,232,TOR,PIT,1,2,9
3,232,LAD,COL,3,8,9
3,232,SFG,SDP,1,8,9
3,232,MIL,CHC,3,4,9
3,232,STL,MIA,2,6,9
3,232,NYM,WSN,4,5,9
4,233,HOU,BAL,7,2,9
4,233,ATH,MIN,8,3,9
4,233,TEX,KCR,4,6,9
4,233,BOS,NYY,6,3,9
4,233,STL,TBR,7,4,9
4,233,LAD,COL,9,5,9
4,233,SFG,SDP,4,8,9
4,233,MIL,CHC,4,1,9
4,233,NYM,WSN,3,9,9
5,234,ATH,SEA,2,3,9
5,234,HOU,BAL,10,7,9
5,234,CHC,LAA,3,2,9
5,234,CLE,TEX,3,4,9
5,234,MIN,CHW,9,7,9
5,234,KCR,DET,5,7,9
5,234,BOS,NYY,1,0,9
5,234,STL,TBR,6,10,9
5,234,TOR,MIA,5,2,9
5,234,CIN,ARI,5,6,11
5,234,COL,PIT,0,9,9
5,234,LAD,SDP,1,2,9
5,234,SFG,MIL,4,5,9
5,234,NYM,ATL,12,7,9
5,234,WSN,PHI,5,4,9
6,235,ATH,SEA,2,1,10
6,235,HOU,BAL,9,8,9
6,235,CHC,LAA,12,1,9
6,235,CLE,TEX,0,10,9
6,235,MIN,CHW,3,7,9
6,235,KCR,DET,2,4,9
6,235,BOS,NYY,12,1,9
6,235,TOR,MIA,7,6,12
6,235,CIN,ARI,1,10,9
6,235,COL,PIT,1,5,9
6,235,LAD,SDP,1,5,9
6,235,SFG,MIL,7,1,9
6,235,NYM,ATL,9,2,9
6,235,WSN,PHI,4,6,9
0,236,ATH,SEA,4,11,9
0,236,HOU,BAL,2,3,9
0,236,CHC,LAA,4,3,9
0,236,CLE,TEX,0,5,9
0,236,MIN,CHW,0,8,9
0,236,KCR,DET,10,8,9
0,236,BOS,NYY,2,7,9
0,236,STL,TBR,2,7,9
0,236,TOR,MIA,3,5,9
0,236,CIN,ARI,6,1,9
0,236,COL,PIT,0,4,9
0,236,LAD,SDP,8,2,9
0,236,SFG,MIL,4,3,9
0,236,NYM,ATL,3,4,9
0,236,WSN,PHI,2,3,9
1,237,SDP,SEA,6,9,9
1,237,DET,ATH,3,8,9
1,237,LAA,TEX,4,0,9
1,237,KCR,CHW,0,7,9
1,237,TBR,CLE,9,0,9
1,237,MIN,TOR,4,10,9
1,237,BOS,BAL,4,3,9
1,237,WSN,NYY,5,10,9
1,237,ARI,MIL,5,7,9
1,237,CIN,LAD,0,7,9
1,237,PIT,STL,6,7,9
1,237,ATL,MIA,1,2,9
1,237,PHI,NYM,3,13,9
2,238,SDP,SEA,7,6,9
2,238,COL,HOU,6,1,9
2,238,DET,ATH,6,7,10
2,238,LAA,TEX,3,7,9
2,238,KCR,CHW,5,4,9
2,238,TBR,CLE,0,3,9
2,238,MIN,TOR,7,5,9
2,238,BOS,BAL,5,0,9
2,238,WSN,NYY,1,5,9
2,238,ARI,MIL,8,9,9
2,238,CIN,LAD,3,6,9
2,238,CHC,SFG,2,5,9
2,238,PIT,STL,8,3,9
2,238,ATL,MIA,11,2,9
2,238,PHI,NYM,5,6,9
3,239,SDP,SEA,3,4,9
3,239,COL,HOU,0,4,9
3,239,DET,ATH,0,7,9
3,239,LAA,TEX,3,20,9
3,239,KCR,CHW,12,1,9
3,239,TBR,CLE,3,4,10
3,239,MIN,TOR,8,9,9
3,239,BOS,BAL,3,2,9
3,239,WSN,NYY,2,11,9
3,239,ARI,MIL,3,2,9
3,239,CIN,LAD,1,5,9
3,239,CHC,SFG,3,12,9
3,239,PIT,STL,2,1,9
3,239,ATL,MIA,12,1,9
3,239,PHI,NYM,0,6,9
4,240,COL,HOU,3,4,9
4,240,NYY,CHW,10,4,9
4,240,BOS,BAL,3,2,9
4,240,ARI,MIL,6,4,9
4,240,CHC,SFG,3,4,9
4,240,PIT,STL,1,4,9
4,240,ATL,PHI,4,19,9
4,240,MIA,NYM,7,4,9
5,241,SEA,CLE,4,5,9
5,241,LAA,HOU,0,2,9
5,241,TEX,ATH,5,2,9
5,241,NYY,CHW,10,2,9
5,241,DET,KCR,5,3,9
5,241,SDP,MIN,4,7,9
5,241,BAL,SFG,8,15,9
5,241,PIT,BOS,4,2,9
5,241,TBR,WSN,4,1,9
5,241,MIL,TOR,7,2,9
5,241,ARI,LAD,3,0,9
5,241,CHC,COL,11,7,9
5,241,STL,CIN,7,5,10
5,241,ATL,PHI,1,2,9
5,241,MIA,NYM,9,19,9
6,242,SEA,CLE,3,4,9
6,242,LAA,HOU,4,1,9
6,242,TEX,ATH,9,3,9
6,242,NYY,CHW,5,3,11
6,242,DET,KCR,1,3,9
6,242,SDP,MIN,12,3,9
6,242,BAL,SFG,11,1,9
6,242,PIT,BOS,10,3,9
6,242,TBR,WSN,4,1,9
6,242,MIL,TOR,4,1,9
6,242,ARI,LAD,6,1,9
6,242,CHC,COL,4,3,9
6,242,STL,CIN,4,2,9
6,242,ATL,PHI,2,3,10
6,242,MIA,NYM,11,8,9
0,243,SEA,CLE,4,2,9
0,243,LAA,HOU,3,0,9
0,243,TEX,ATH,9,6,9
0,243,NYY,CHW,2,3,9
0,243,DET,KCR,5,0,9
0,243,SDP,MIN,2,7,9
0,243,BAL,SFG,2,13,9
0,243,PIT,BOS,2,5,9
0,243,TBR,WSN,7,4,9
0,243,MIL,TOR,4,8,9
0,243,ARI,LAD,4,5,9
0,243,CHC,COL,5,6,9
0,243,STL,CIN,4,7,9
0,243,ATL,PHI,3,1,9
0,243,MIA,NYM,5,1,9
1,244,SEA,TBR,2,10,9
1,244,LAA,HOU,3,8,9
1,244,ATH,STL,11,3,9
1,244,TEX,ARI,7,5,10
1,244,CHW,MIN,6,5,9
1,244,CLE,BOS,4,6,9
1,244,NYM,DET,10,8,9
1,244,BAL,SDP,4,3,9
1,244,TOR,CIN,4,5,9
1,244,SFG,COL,8,2,9
1,244,ATL,CHC,6,7,10
1,244,PHI,MIL,10,8,9
1,244,MIA,WSN,0,2,9
2,245,SEA,TBR,5,6,9
2,245,NYY,HOU,7,1,9
2,245,ATH,STL,1,2,9
2,245,LAA,KCR,5,1,9
2,245,TEX,ARI,3,5,9
2,245,CHW,MIN,12,3,9
2,245,CLE,BOS,7,11,9
2,245,NYM,DET,12,5,9
2,245,BAL,SDP,6,2,9
2,245,TOR,CIN,12,9,9
2,245,SFG,COL,7,4,9
2,245,LAD,PIT,7,9,9
2,245,ATL,CHC,3,4,9
2,245,MIA,WSN,2,5,9
3,246,SEA,TBR,4,9,9
3,246,NYY,HOU,7,8,9
3,246,ATH,STL,1,5,9
3,246,LAA,KCR,4,3,9
3,246,TEX,ARI,0,2,9
3,246,CHW,MIN,4,3,9
3,246,CLE,BOS,8,1,9
3,246,NYM,DET,2,6,9
3,246,BAL,SDP,7,5,9
3,246,TOR,CIN,13,9,9
3,246,SFG,COL,10,8,9
3,246,LAD,PIT,0,3,9
3,246,ATL,CHC,5,1,9
3,246,PHI,MIL,3,6,9
3,246,MIA,WSN,5,10,9
4,247,NYY,HOU,8,4,9
4,247,LAA,KCR,3,4,9
4,247,CHW,MIN,11,8,9
4,247,CLE,TBR,2,4,9
4,247,LAD,PIT,3,5,9
4,247,PHI,MIL,2,0,9
5,248,SEA,ATL,1,4,9
5,248,HOU,TEX,3,4,12
5,248,ATH,LAA,10,4,9
5,248,CHW,DET,7,5,9
5,248,CLE,TBR,7,1,9
5,248,MIN,KCR,1,2,9
5,248,LAD,BAL,1,2,9
5,248,BOS,ARI,5,10,9
5,248,TOR,NYY,7,1,9
5,248,SDP,COL,0,3,9
5,248,SFG,STL,8,2,9
5,248,WSN,CHC,5,11,9
5,248,NYM,CIN,5,4,9
5,248,MIL,PIT,5,2,9
5,248,PHI,MIA,9,3,9
6,249,SEA,ATL,10,2,9
6,249,HOU,TEX,11,0,9
6,249,ATH,LAA,17,4,9
6,249,CHW,DET,0,6,9
6,249,CLE,TBR,3,2,9
6,249,MIN,KCR,2,11,9
6,249,LAD,BAL,3,4,9
6,249,BOS,ARI,1,5,9
6,249,TOR,NYY,1,3,9
6,249,SDP,COL,10,8,9
6,249,SFG,STL,2,3,9
6,249,WSN,CHC,2,1,9
6,249,NYM,CIN,3,6,9
6,249,MIL,PIT,4,1,9
6,249,PHI,MIA,4,2,9
0,250,SEA,ATL,18,2,9
0,250,HOU,TEX,2,4,9
0,250,ATH,LAA,3,4,9
0,250,CHW,DET,6,4,9
0,250,CLE,TBR,2,1,9
0,250,MIN,KCR,5,1,9
0,250,LAD,BAL,5,2,9
0,250,BOS,ARI,7,4,9
0,250,TOR,NYY,3,4,9
0,250,SDP,COL,8,1,9
0,250,SFG,STL,3,4,9
0,250,WSN,CHC,6,3,9
0,250,NYM,CIN,2,3,9
0,250,MIL,PIT,10,2,9
0,250,PHI,MIA,4,5,9
1,251,STL,SEA,2,4,9
1,251,BOS,ATH,7,0,9
1,251,MIN,LAA,12,3,9
1,251,MIL,TEX,0,5,9
1,251,KCR,CLE,2,10,9
1,251,ARI,SFG,5,11,9
1,251,COL,LAD,1,3,9
1,251,CIN,SDP,3,4,10
1,251,CHC,ATL,1,4,9
1,251,WSN,MIA,15,7,9
1,251,NYM,PHI,0,1,9
2,252,STL,SEA,3,5,9
2,252,HOU,TOR,3,4,10
2,252,BOS,ATH,6,0,9
2,252,MIN,LAA,2,12,9
2,252,MIL,TEX,4,5,9
2,252,TBR,CHW,5,4,9
2,252,KCR,CLE,0,2,9
2,252,DET,NYY,12,2,9
2,252,PIT,BAL,2,3,11
2,252,ARI,SFG,3,5,9
2,252,COL,LAD,2,7,9
2,252,CIN,SDP,4,2,9
2,252,CHC,ATL,6,1,9
2,252,WSN,MIA,7,5,9
2,252,NYM,PHI,3,9,9
3,253,STL,SEA,2,4,13
3,253,HOU,TOR,3,2,9
3,253,BOS,ATH,4,5,9
3,253,MIN,LAA,3,4,9
3,253,MIL,TEX,3,6,9
3,253,TBR,CHW,5,6,9
3,253,KCR,CLE,4,3,9
3,253,DET,NYY,11,1,9
3,253,PIT,BAL,1,2,10
3,253,ARI,SFG,5,3,9
3,253,COL,LAD,0,9,9
3,253,CIN,SDP,2,1,9
3,253,CHC,ATL,3,2,9
3,253,WSN,MIA,3,8,9
3,253,NYM,PHI,3,11,9
4,254,LAA,SEA,6,7,12
4,254,HOU,TOR,0,6,9
4,254,TBR,CHW,1,5,9
4,254,KCR,CLE,2,3,9
4,254,DET,NYY,3,9,9
4,254,PIT,BAL,2,3,9
4,254,COL,SDP,0,2,9
4,254,WSN,MIA,0,5,9
4,254,NYM,PHI,4,6,9
5,255,LAA,SEA,1,2,9
5,255,HOU,ATL,11,3,9
5,255,CIN,ATH,0,3,9
5,255,TEX,NYM,8,3,9
5,255,CHW,CLE,0,4,9
5,255,DET,MIA,2,8,9
5,255,KCR,PHI,2,8,9
5,255,ARI,MIN,8,9,9
5,255,BAL,TOR,1,6,9
5,255,NYY,BOS,4,1,9
5,255,TBR,CHC,4,6,9
5,255,COL,SDP,4,2,9
5,255,LAD,SFG,1,5,10
5,255,STL,MIL,2,8,9
5,255,PIT,WSN,5,6,9
6,256,LAA,SEA,3,5,9
6,256,HOU,ATL,6,2,9
6,256,CIN,ATH,5,11,9
6,256,TEX,NYM,3,2,9
6,256,CHW,CLE,1,3,9
6,256,DET,MIA,4,6,11
6,256,KCR,PHI,6,8,9
6,256,ARI,MIN,5,2,10
6,256,BAL,TOR,4,5,9
6,256,NYY,BOS,5,3,9
6,256,TBR,CHC,5,4,9
6,256,COL,SDP,3,11,9
6,256,LAD,SFG,13,7,9
6,256,STL,MIL,8,9,10
6,256,PIT,WSN,5,1,9
0,257,LAA,SEA,2,11,9
0,257,HOU,ATL,3,8,9
0,257,CIN,ATH,4,7,9
0,257,TEX,NYM,2,5,10
0,257,CHW,CLE,2,3,9
0,257,DET,MIA,2,0,9
0,257,KCR,PHI,10,3,9
0,257,ARI,MIN,6,4,9
0,257,BAL,TOR,2,11,9
0,257,NYY,BOS,4,6,9
0,257,TBR,CHC,3,4,9
0,257,COL,SDP,6,9,9
0,257,LAD,SFG,10,2,9
0,257,STL,MIL,3,2,9
0,257,PIT,WSN,3,4,9
1,258,TEX,HOU,3,6,9
1,258,BAL,CHW,4,1,9
1,258,NYY,MIN,0,7,9
1,258,TOR,TBR,2,1,11
1,258,SFG,ARI,1,8,9
1,258,PHI,LAD,6,5,10
1,258,CHC,PIT,4,0,9
1,258,CIN,STL,11,6,9
1,258,ATL,WSN,11,3,9
2,259,SEA,KCR,12,5,9
2,259,TEX,HOU,5,6,9
2,259,ATH,BOS,2,1,9
2,259,LAA,MIL,2,9,9
2,259,BAL,CHW,8,7,9
2,259,CLE,DET,7,5,10
2,259,NYY,MIN,10,9,9
2,259,TOR,TBR,6,5,9
2,259,SFG,ARI,5,6,9
2,259,MIA,COL,6,5,9
2,259,PHI,LAD,9,6,9
2,259,SDP,NYM,3,8,9
2,259,CHC,PIT,4,1,9
2,259,CIN,STL,0,3,9
2,259,ATL,WSN,6,3,9
2,259,ATL,WSN,5,0,10
3,260,SEA,KCR,5,7,9
3,260,TEX,HOU,2,5,9
3,260,ATH,BOS,4,5,10
3,260,LAA,MIL,2,9,9
3,260,BAL,CHW,3,1,9
3,260,CLE,DET,4,0,9
3,260,NYY,MIN,10,5,9
3,260,TOR,TBR,1,2,9
3,260,SFG,ARI,5,1,11
3,260,MIA,COL,8,4,9
3,260,PHI,LAD,0,5,9
3,260,SDP,NYM,7,4,9
3,260,CHC,PIT,8,4,9
3,260,CIN,STL,6,2,9
3,260,ATL,WSN,9,4,9
4,261,SEA,KCR,2,0,9
4,261,ATH,BOS,5,3,9
4,261,LAA,MIL,2,5,9
4,261,CLE,DET,3,1,9
4,261,NYY,BAL,7,0,9
4,261,TOR,TBR,0,4,9
4,261,MIA,COL,9,7,9
4,261,SFG,LAD,1,2,9
4,261,SDP,NYM,1,6,9
4,261,CHC,CIN,0,1,9
5,262,SEA,HOU,4,0,9
5,262,ATH,PIT,4,3,9
5,262,LAA,COL,6,7,9
5,262,MIA,TEX,6,4,12
5,262,SDP,CHW,3,4,9
5,262,CLE,MIN,6,2,9
5,262,ATL,DET,10,1,9
5,262,TOR,KCR,1,20,9
5,262,NYY,BAL,2,4,9
5,262,BOS,TBR,11,7,9
5,262,PHI,ARI,8,2,9
5,262,SFG,LAD,3,6,9
5,262,CHC,CIN,4,7,9
5,262,MIL,STL,1,7,9
5,262,WSN,NYM,6,12,9
6,263,SEA,HOU,6,4,9
6,263,ATH,PIT,0,2,9
6,263,LAA,COL,3,0,9
6,263,MIA,TEX,4,3,9
6,263,SDP,CHW,7,3,9
6,263,CLE,MIN,6,0,9
6,263,CLE,MIN,8,0,9
6,263,ATL,DET,6,5,9
6,263,TOR,KCR,1,2,9
6,263,NYY,BAL,6,1,9
6,263,BOS,TBR,6,3,9
6,263,PHI,ARI,3,4,9
6,263,SFG,LAD,5,7,9
6,263,CHC,CIN,3,6,9
6,263,MIL,STL,3,2,10
6,263,WSN,NYM,5,3,11
0,264,SEA,HOU,7,3,9
0,264,ATH,PIT,0,11,9
0,264,LAA,COL,1,3,9
0,264,MIA,TEX,4,2,9
0,264,SDP,CHW,3,2,9
0,264,CLE,MIN,2,6,9
0,264,ATL,DET,6,2,9
0,264,TOR,KCR,8,5,9
0,264,NYY,BAL,7,1,10
0,264,BOS,TBR,3,7,9
0,264,PHI,ARI,2,9,9
0,264,SFG,LAD,3,1,9
0,264,CHC,CIN,0,1,9
0,264,MIL,STL,1,5,9
0,264,WSN,NYM,3,2,9
1,265,MIL,SDP,4,5,11
1,265,STL,SFG,6,5,9
1,265,WSN,ATL,5,11,9
2,266,COL,SEA,3,4,9
2,266,HOU,ATH,1,5,9
2,266,KCR,LAA,8,4,9
2,266,MIN,TEX,4,1,9
2,266,CHW,NYY,2,3,9
2,266,DET,CLE,2,5,9
2,266,TBR,BAL,0,6,9
2,266,BOS,TOR,4,1,9
2,266,LAD,ARI,4,5,9
2,266,MIL,SDP,0,7,9
2,266,STL,SFG,9,8,9
2,266,NYM,CHC,9,7,9
2,266,PIT,CIN,4,2,9
2,266,WSN,ATL,2,3,9
2,266,MIA,PHI,6,5,11
3,267,COL,SEA,2,9,9
3,267,HOU,ATH,0,6,9
3,267,KCR,LAA,2,3,9
3,267,MIN,TEX,2,4,9
3,267,CHW,NYY,1,8,9
3,267,DET,CLE,1,5,9
3,267,TBR,BAL,6,2,9
3,267,BOS,TOR,7,1,9
3,267,LAD,ARI,5,4,11
3,267,MIL,SDP,3,1,9
3,267,STL,SFG,3,4,9
3,267,NYM,CHC,3,10,9
3,267,PIT,CIN,4,3,11
3,267,WSN,ATL,4,3,9
3,267,MIA,PHI,1,11,9
4,268,COL,SEA,2,6,9
4,268,HOU,ATH,11,5,9
4,268,KCR,LAA,9,4,9
4,268,MIN,TEX,4,0,9
4,268,CHW,NYY,3,5,9
4,268,DET,CLE,4,2,9
4,268,TBR,BAL,5,6,9
4,268,BOS,TOR,1,6,9
4,268,LAD,ARI,8,0,9
4,268,NYM,CHC,8,5,9
4,268,PIT,CIN,1,2,9
4,268,MIA,PHI,0,1,9
5,269,LAD,SEA,3,2,9
5,269,HOU,LAA,3,4,9
5,269,KCR,ATH,3,4,9
5,269,TEX,CLE,7,3,9
5,269,CHW,WSN,10,9,9
5,269,DET,BOS,3,4,9
5,269,MIN,PHI,1,3,9
5,269,BAL,NYY,4,8,9
5,269,TBR,TOR,2,4,9
5,269,ARI,SDP,4,7,9
5,269,COL,SFG,3,6,9
5,269,STL,CHC,1,12,9
5,269,CIN,MIL,3,1,9
5,269,PIT,ATL,9,3,9
5,269,NYM,MIA,2,6,9
6,270,LAD,SEA,5,3,9
6,270,HOU,LAA,6,1,9
6,270,KCR,ATH,4,2,9
6,270,TEX,CLE,2,3,9
6,270,CHW,WSN,5,6,9
6,270,DET,BOS,2,1,9
6,270,MIN,PHI,5,0,9
6,270,BAL,NYY,1,6,9
6,270,TBR,TOR,1,5,9
6,270,ARI,SDP,1,5,9
6,270,COL,SFG,3,4,9
6,270,STL,CHC,3,7,9
6,270,CIN,MIL,7,4,9
6,270,PIT,ATL,3,1,9
6,270,NYM,MIA,5,0,9
0,271,LAD,SEA,6,1,9
0,271,HOU,LAA,6,2,9
0,271,KCR,ATH,9,2,9
0,271,TEX,CLE,8,9,10
0,271,CHW,WSN,8,0,9
0,271,DET,BOS,3,4,9
0,271,MIN,PHI,1,2,10
0,271,BAL,NYY,2,3,9
0,271,TBR,TOR,4,13,9
0,271,ARI,SDP,4,12,9
0,271,COL,SFG,0,4,9
0,271,STL,CHC,0,2,9
0,271,CIN,MIL,2,4,9
0,271,PIT,ATL,1,4,9
0,271,NYM,MIA,0,4,9
